全国地方公共団体コード,ID,地方公共団体名,名称,名称_カナ,名称_通称,名称_英語,文化財分類,種類,場所名称,所在地_全国地方公共団体コード,町字ID,所在地_連結表記,所在地_都道府県,所在地_市区町村,所在地_町字,所在地_番地以下,建物名等(方書),緯度,経度,高度の種別,高度の値,電話番号,内線番号,連絡先メールアドレス,連絡先FormURL,連絡先備考（その他、SNSなど）,郵便番号,員数（数）,員数（単位）,法人番号,所有者等,文化財指定日,利用可能曜日,開始時間,終了時間,利用可能日時特記事項,画像,画像_ライセンス,概要,概要_英語,説明,説明_英語,URL,備考
272035,0000000001,大阪府豊中市,石造三重宝篋印塔,セキゾウサンジュウホウキョウイントウ,,,旧法指定（重要美術品）,建造物,,272035,,大阪府豊中市熊野町3-10-1,大阪府,豊中市,熊野町3,10-1,,34.79119,135.483994,,,,,,,,,,,,,12924,,,,,,,,,,,,
272035,0000000002,大阪府豊中市,金禅寺三重宝篋印塔,コンゼンジサンジュウホウキョウイントウ,,,重要文化財,建造物,,272035,,大阪府豊中市本町5-3-64,大阪府,豊中市,本町5,3-64,,34.789228,135.466023,,,,,,,,,,,,,22363,,,,,,,,,,,,
272035,0000000003,大阪府豊中市,旧泉家住宅,キュウイズミケジュウタク,,,重要文化財,建造物,日本民家集落博物館,272035,,大阪府豊中市服部緑地1-2,大阪府,豊中市,服部緑地,1-2,,34.778738,135.48823,,,,,,,,,,,,,23526,,,,,,,,,,,,
272035,0000000004,大阪府豊中市,旧山田家住宅,キュウヤマダケジュウタク,,,重要文化財,建造物,日本民家集落博物館,272035,,大阪府豊中市服部緑地1-2,大阪府,豊中市,服部緑地,1-2,,34.779323,135.488834,,,,,,,,,,,,,23526,,,,,,,,,,,,
272035,0000000005,大阪府豊中市,旧椎葉家住宅,キュウシイバケジュウタク,,,重要文化財,建造物,日本民家集落博物館,272035,,大阪府豊中市服部緑地1-2,大阪府,豊中市,服部緑地,1-2,,34.779224,135.488232,,,,,,,,,,,,,23526,,,,,,,,,,,,
272035,0000000006,大阪府豊中市,原田神社本殿,ハラダジンジャホンデン,,,重要文化財,建造物,,272035,,大阪府豊中市中桜塚1-2-18,大阪府,豊中市,中桜塚1,2-18,,34.779437,135.465864,,,,,,,,,,,,,34312,,,,,,,,,,,,
272035,0000000007,大阪府豊中市,紙本著色三十六歌仙切,シホンチョショクサンジュウロッカセンギレ,,,重要文化財,美術工芸品,,272035,,大阪府豊中市本町5-11-19,大阪府,豊中市,本町5,11-19,,,,,,,,,,,,,,,,18504,,,,,,,,,,,,
272035,0000000008,大阪府豊中市,紙本金地著色仙人掌群鶏図,シホンキンジチョショクサボテングンケイズ,,,重要文化財,美術工芸品,,272035,,大阪府豊中市小曽根1-6-38,大阪府,豊中市,小曽根1,6-38,,34.762712,135.485113,,,,,,,,,,,,,19194,,,,,,,,,,,,
272035,0000000009,大阪府豊中市,紙本墨画蓮池図,シホンボクガレンチズ,,,重要文化財,美術工芸品,,272035,,大阪府豊中市小曽根1-6-38,大阪府,豊中市,小曽根1,6-38,,34.762712,135.485113,,,,,,,,,,,,,19194,,,,,,,,,,,,
272035,0000000010,大阪府豊中市,木造釈迦如来坐像,モクゾウシャカニョライザゾウ,,,重要文化財,美術工芸品,,272035,,大阪府豊中市南桜塚1-12-7,大阪府,豊中市,南桜塚1,12-7,,34.774886,135.467982,,,,,,,,,,,,,18504,,,,,,,,,,,,
272035,0000000011,大阪府豊中市,五彩金襴手碗,ゴサイキンランデワン,,,重要文化財,美術工芸品,,272035,,大阪府豊中市新千里南町1-6-12,大阪府,豊中市,新千里南町1,6-12,,,,,,,,,,,,,,,,26449,,,,,,,,,,,,
272035,0000000012,大阪府豊中市,刀（銘　井上真改　延宝四年八月日）,カタナ（メイイノウエシンカイエンポウヨネンハチガツヒ）,,,重要文化財,美術工芸品,,272035,,大阪府豊中市北桜塚3,大阪府,豊中市,北桜塚3,,,,,,,,,,,,,,,,,20870,,,,,,,,,,,,
272035,0000000013,大阪府豊中市,待兼山古墳出土品,マチカネヤマコフンシュツドヒン,,,旧法指定（重要美術品）,その他,,272035,,大阪府豊中市中桜塚3-1-1,大阪府,豊中市,中桜塚3,1-1,,34.807448,135.449064,,,,,,,,,,,,,14163,,,,,,,,,,,,
272035,0000000014,大阪府豊中市,摂津豊中大塚古墳出土品,セッツトヨナカオオツカコフンシュツドヒン,,,重要文化財,その他,,272035,,大阪府豊中市曽根東町3-7-2,大阪府,豊中市,曽根東町3,7-2,,34.769803,135.469937,,,,,,,,,,,,,31569,,,,,,,,,,,,
272035,0000000015,大阪府豊中市,民家（白川の合掌造：旧大井家住宅）,ミンカ（シラカワノガッショウヅクリ：キュウオオイケジュウタク）,,,重要有形民俗文化財,その他,日本民家集落博物館,272035,,大阪府豊中市服部緑地1-2,大阪府,豊中市,服部緑地,1-2,,34.778759,135.487569,,,,,,,,,,,,,21676,,,,,,,,,,,,
272035,0000000016,大阪府豊中市,桜塚古墳群,サクラヅカコフングン,,,国指定史跡,その他,,272035,,大阪府豊中市,大阪府,豊中市,,,,,,,,,,,,,,,,,,32010,,,,,,,,,,,,
272035,0000000017,大阪府豊中市,（大石塚古墳）,（オオイシヅカコフン）,,,（国指定史跡）,その他,,272035,,大阪府豊中市岡町北1-36-1､36-2､36-3､37､46,大阪府,豊中市,岡町北1,"36-1,36-2,36-3,37,46",,34.778973,135.462758,,,,,,,,,,,,,,,,,,,,,,,,,
272035,0000000018,大阪府豊中市,（小石塚古墳）,（コイシヅカコフン）,,,（国指定史跡）,その他,,272035,,大阪府豊中市岡町北1-36-1､36-2､36-3､37､46,大阪府,豊中市,岡町北1,"36-1,36-2,36-3,37,46",,34.779763,135.46294,,,,,,,,,,,,,,,,,,,,,,,,,
272035,0000000019,大阪府豊中市,（大塚古墳）,（オオツカコフン）,,,（国指定史跡）,その他,,272035,,大阪府豊中市中桜塚4-96､97､142,大阪府,豊中市,中桜塚4,"96,97,142",,34.779524,135.472598,,,,,,,,,,,,,,,,,,,,,,,,,
272035,0000000020,大阪府豊中市,（御獅子塚古墳）,（オシシヅカコフン）,,,（国指定史跡）,その他,,272035,,大阪府豊中市南桜塚2-25-2の一部､25-3､25-4､25-5,大阪府,豊中市,南桜塚2,"25-2,25-3,25-4,25-5",2-25-2は一部,34.778591,135.472918,,,,,,,,,,,,,,,,,,,,,,,,,
272035,0000000021,大阪府豊中市,（南天平塚古墳）,（ミナミテンビンヅカコフン）,,,（国指定史跡）,その他,,272035,,大阪府豊中市南桜塚3-17､18,大阪府,豊中市,南桜塚3,"3-17,18",,34.777192,135.473868,,,,,,,,,,,,,,,,,,,,,,,,,
272035,0000000022,大阪府豊中市,春日大社南郷目代今西氏屋敷,カスガタイシャナンゴウモクダイイマニシシヤシキ,,,国指定史跡,その他,,272035,,大阪府豊中市浜1-387､399-1､402-2､405､406､407､408､409､浜2-567､568墓所含､浜1-400-1､400-2､401-1､401-2､3074-2､浜1-403-2､水路敷,大阪府,豊中市,浜1,"387,399-1,402-2,405,406,407,408,409,400-1,400-2,401-1,401-2,3074-2,1-403-2,水路敷",水路敷,34.761695,135.481203,,,,,,,,,,,,,39856,,,,,,,,,,,,
272035,0000000023,大阪府豊中市,西山氏庭園（青龍庭）,ニシヤマシテイエン（セイリュウテイ）,,,国指定名勝,その他,,272035,,大阪府豊中市岡町南2-14-55,大阪府,豊中市,岡町南2,14-55,,34.77732,135.462297,,,,,,,,,,,,,43754,,,,,,,,,,,,
272035,0000000024,大阪府豊中市,住吉神社能舞台,スミヨシジンジャノウブタイ,,,国登録有形文化財,建造物,,272035,,大阪府豊中市服部南町2-3-31,大阪府,豊中市,服部南町2,3-31,,34.762971,135.478908,,,,,,,,,,,,,36154,,,,,,,,,,,,
272035,0000000025,大阪府豊中市,大阪大学待兼山修学館 （旧大阪帝国大学医学部附属病院石橋分院本館）,オオサカダイガクマチカネヤマシュウガクカン（キュウオオサカテイコクダイガクイガクブフゾクイシバシブンインホンカン）,,,国登録有形文化財,建造物,,272035,,大阪府豊中市待兼山町1-4,大阪府,豊中市,待兼山町,1-4,,34.807448,135.449064,,,,,,,,,,,,,39514,,,,,,,,,,,,
272035,0000000026,大阪府豊中市,大阪大学共通教育本館,オオサカダイガクキョウツウキョウイクホンカン,,,国登録有形文化財,建造物,,272035,,大阪府豊中市待兼山町1-1,大阪府,豊中市,待兼山町,1-1,,34.806638,135.452457,,,,,,,,,,,,,38147,,,,,,,,,,,,
272035,0000000027,大阪府豊中市,大阪府立桜塚高等学校塀（旧豊中高等女学校周塀）,オオサカフリツサクラヅカコウトウガッコウヘイ（キュウトヨナカコウトウジョガッコウシュウヘイ）,,,国登録有形文化財,建造物,,272035,,大阪府豊中市中桜塚4-1-1,大阪府,豊中市,中桜塚4,1-1,,34.783563,135.471548,,,,,,,,,,,,,39821,,,,,,,,,,,,
272035,0000000028,大阪府豊中市,村司家住宅主屋,ムラジケジュウタクシュオク,,,国登録有形文化財,建造物,,272035,,大阪府豊中市蛍池中町2,大阪府,豊中市,蛍池中町2,,,34.79299,135.447051,,,,,,,,,,,,,39294,,,,,,,,,,,,
272035,0000000029,大阪府豊中市,西山家住宅離れ及び待合,ニシヤマケジュウタクハナレオヨビマチアイ,,,国登録有形文化財,建造物,,272035,,大阪府豊中市岡町南2-14-55 ,大阪府,豊中市,岡町南2,14-55 ,,34.777202,135.462246,,,,,,,,,,,,,39435,,,,,,,,,,,,
272035,0000000030,大阪府豊中市,西山家住宅洋館,ニシヤマケジュウタクヨウカン,,,国登録有形文化財,建造物,,272035,,大阪府豊中市岡町南2-14-55,大阪府,豊中市,岡町南2,14-55,,34.777265,135.462177,,,,,,,,,,,,,39435,,,,,,,,,,,,
272035,0000000031,大阪府豊中市,西山家住宅渡廊下,ニシヤマケジュウタクワタリロウカ,,,国登録有形文化財,建造物,,272035,,大阪府豊中市岡町南2-14-55,大阪府,豊中市,岡町南2,14-55,,34.777334,135.462225,,,,,,,,,,,,,39435,,,,,,,,,,,,
272035,0000000032,大阪府豊中市,西山家住宅高塀,ニシヤマケジュウタクタカベイ,,,国登録有形文化財,建造物,,272035,,大阪府豊中市岡町南2-14-55,大阪府,豊中市,岡町南2,14-55,,34.777537,135.462225,,,,,,,,,,,,,39435,,,,,,,,,,,,
272035,0000000033,大阪府豊中市,西山家住宅主屋,ニシヤマケジュウタクシュオク,,,国登録有形文化財,建造物,,272035,,大阪府豊中市岡町南2-14-55,大阪府,豊中市,岡町南2,14-55,,34.777452,135.462234,,,,,,,,,,,,,43406,,,,,,,,,,,,
272035,0000000034,大阪府豊中市,西山家住宅正門及び高塀,ニシヤマケジュウタクセイモンオヨビタカベイ,,,国登録有形文化財,建造物,,272035,,大阪府豊中市岡町南2-14-55,大阪府,豊中市,岡町南2,14-55,,34.777548,135.462275,,,,,,,,,,,,,43406,,,,,,,,,,,,
272035,0000000035,大阪府豊中市,旧羽室家住宅主屋,キュウハムロケジュウタクシュオク,,,国登録有形文化財,建造物,,272035,,大阪府豊中市曽根西町4-4-15,大阪府,豊中市,曽根西町4,4-15,,34.773307,135.463018,,,,,,,,,,,,,39435,,,,,,,,,,,,
272035,0000000036,大阪府豊中市,旧羽室家住宅土蔵,キュウハムロケジュウタクドゾウ,,,国登録有形文化財,建造物,,272035,,大阪府豊中市曽根西町4-4-15,大阪府,豊中市,曽根西町4,4-15,,34.773395,135.46293,,,,,,,,,,,,,39435,,,,,,,,,,,,
272035,0000000037,大阪府豊中市,旧羽室家住宅納屋,キュウハムロケジュウタクナヤ,,,国登録有形文化財,建造物,,272035,,大阪府豊中市曽根西町4-4-15,大阪府,豊中市,曽根西町4,4-15,,34.773402,135.463121,,,,,,,,,,,,,39435,,,,,,,,,,,,
272035,0000000038,大阪府豊中市,松村家住宅主屋,マツマラケジュウタクシュオク,,,国登録有形文化財,建造物,,272035,,大阪府豊中市東豊中町2,大阪府,豊中市,東豊中町2,,,34.802905,135.47943,,,,,,,,,,,,,39435,,,,,,,,,,,,
272035,0000000039,大阪府豊中市,奥野家住宅主屋 附粉搗場,オクノケジュウタクシュオク　ツキコナヒキバ,,,国登録有形文化財,建造物,,272035,,大阪府豊中市中桜塚2,大阪府,豊中市,中桜塚2,,,34.778582,135.469164,,,,,,,,,,,,,39652,,,,,,,,,,,,
272035,0000000040,大阪府豊中市,奥野家住宅門長屋,オクノケジュウタクモンナガヤ,,,国登録有形文化財,建造物,,272035,,大阪府豊中市中桜塚2,大阪府,豊中市,中桜塚2,,,34.77864,135.468964,,,,,,,,,,,,,39652,,,,,,,,,,,,
272035,0000000041,大阪府豊中市,奥野家住宅西蔵,オクノケジュウタクニシグラ,,,国登録有形文化財,建造物,,272035,,大阪府豊中市中桜塚2,大阪府,豊中市,中桜塚2,,,34.778716,135.468956,,,,,,,,,,,,,39652,,,,,,,,,,,,
272035,0000000042,大阪府豊中市,奥野家住宅米蔵,オクノケジュウタクコメグラ,,,国登録有形文化財,建造物,,272035,,大阪府豊中市中桜塚2,大阪府,豊中市,中桜塚2,,,34.778782,135.469018,,,,,,,,,,,,,39652,,,,,,,,,,,,
272035,0000000043,大阪府豊中市,奥野家住宅東蔵,オクノケジュウタクヒガシクラ,,,国登録有形文化財,建造物,,272035,,大阪府豊中市中桜塚2,大阪府,豊中市,中桜塚2,,,34.778761,135.469133,,,,,,,,,,,,,39652,,,,,,,,,,,,
272035,0000000044,大阪府豊中市,奥野家住宅新蔵,オクノケジュウタクシングラ,,,国登録有形文化財,建造物,,272035,,大阪府豊中市中桜塚2,大阪府,豊中市,中桜塚2,,,34.778352,135.469161,,,,,,,,,,,,,39652,,,,,,,,,,,,
272035,0000000045,大阪府豊中市,奥野家住宅中門 附属脇塀,オクノケジュウタクチュウモン　フゾクワキベイ,,,国登録有形文化財,建造物,,272035,,大阪府豊中市中桜塚2,大阪府,豊中市,中桜塚2,,,34.778415,135.468985,,,,,,,,,,,,,39652,,,,,,,,,,,,
272035,0000000046,大阪府豊中市,奥野家住宅露地門及び高塀,オクノケジュウタクロジモンオヨビタカベイ,,,国登録有形文化財,建造物,,272035,,大阪府豊中市中桜塚2,大阪府,豊中市,中桜塚2,,,34.77845,135.469177,,,,,,,,,,,,,39652,,,,,,,,,,,,
272035,0000000047,大阪府豊中市,上田家住宅主屋,ウエダケジュウタクシュオク,,,国登録有形文化財,建造物,,272035,,大阪府豊中市東豊中町3,大阪府,豊中市,東豊中町3,,,34.801438,135.481968,,,,,,,,,,,,,41134,,,,,,,,,,,,
272035,0000000048,大阪府豊中市,上田家住宅離れ,ウエダケジュウタクハナレ,,,国登録有形文化財,建造物,,272035,,大阪府豊中市東豊中町3,大阪府,豊中市,東豊中町3,,,34.80156,135.482057,,,,,,,,,,,,,41134,,,,,,,,,,,,
272035,0000000049,大阪府豊中市,上田家住宅物置,ウエダケジュウタクモノオキ,,,国登録有形文化財,建造物,,272035,,大阪府豊中市東豊中町3,大阪府,豊中市,東豊中町3,,,34.801512,135.48197,,,,,,,,,,,,,41134,,,,,,,,,,,,
272035,0000000050,大阪府豊中市,榎原家住宅主屋,エバラケジュウタクシュオク,,,国登録有形文化財,建造物,,272035,,大阪府豊中市小曽根1,大阪府,豊中市,小曽根1,,,34.763276,135.486067,,,,,,,,,,,,,41919,,,,,,,,,,,,
272035,0000000051,大阪府豊中市,榎原家住宅離れ,エバラケジュウタクハナレ,,,国登録有形文化財,建造物,,272035,,大阪府豊中市小曽根1,大阪府,豊中市,小曽根1,,,34.763411,135.486095,,,,,,,,,,,,,41919,,,,,,,,,,,,
272035,0000000052,大阪府豊中市,榎原家住宅土蔵一,エバラケジュウタクドゾウイチ,,,国登録有形文化財,建造物,,272035,,大阪府豊中市小曽根1,大阪府,豊中市,小曽根1,,,34.763417,135.486,,,,,,,,,,,,,41919,,,,,,,,,,,,
272035,0000000053,大阪府豊中市,榎原家住宅土蔵二,エバラケジュウタクドゾウニ,,,国登録有形文化財,建造物,,272035,,大阪府豊中市小曽根1,大阪府,豊中市,小曽根1,,,34.76341,135.485933,,,,,,,,,,,,,41919,,,,,,,,,,,,
272035,0000000054,大阪府豊中市,榎原家住宅土蔵三,エバラケジュウタクドゾウサン,,,国登録有形文化財,建造物,,272035,,大阪府豊中市小曽根1,大阪府,豊中市,小曽根1,,,34.763411,135.485847,,,,,,,,,,,,,41919,,,,,,,,,,,,
272035,0000000055,大阪府豊中市,榎原家住宅露地門及び塀,エバラケジュウタクロジモンオヨビヘイ,,,国登録有形文化財,建造物,,272035,,大阪府豊中市小曽根1,大阪府,豊中市,小曽根1,,,34.763129,135.485984,,,,,,,,,,,,,41919,,,,,,,,,,,,
272035,0000000056,大阪府豊中市,榎原家住宅庭門及び塀,エバラケジュウタクニワモンオヨビヘイ,,,国登録有形文化財,建造物,,272035,,大阪府豊中市小曽根1,大阪府,豊中市,小曽根1,,,34.76336,135.486122,,,,,,,,,,,,,41919,,,,,,,,,,,,
272035,0000000057,大阪府豊中市,榎原家住宅外塀,エバラケジュウタクソトベイ,,,国登録有形文化財,建造物,,272035,,大阪府豊中市小曽根1,大阪府,豊中市,小曽根1,,,34.763432,135.486179,,,,,,,,,,,,,41919,,,,,,,,,,,,
272035,0000000058,大阪府豊中市,日本民家集落博物館　河内布施の長屋門,ニホンミンカシュウラクハクブツカン　カワチフセノナガヤモン,,,国登録有形文化財,建造物,日本民家集落博物館,272035,,大阪府豊中市服部緑地1-2,大阪府,豊中市,服部緑地,1-2,,34.779476,135.487204,,,,,,,,,,,,,42914,,,,,,,,,,,,
272035,0000000059,大阪府豊中市,日本民家集落博物館　堂島の米蔵,ニホンミンカシュウラクハクブツカン　ドウジマノコメグラ,,,国登録有形文化財,建造物,日本民家集落博物館,272035,,大阪府豊中市服部緑地1-2,大阪府,豊中市,服部緑地,1-2,,34.77931,135.487189,,,,,,,,,,,,,42914,,,,,,,,,,,,
272035,0000000060,大阪府豊中市,日本民家集落博物館　北河内の茶室,ニホンミンカシュウラクハクブツカン　キタカワチノチャシツ,,,国登録有形文化財,建造物,日本民家集落博物館,272035,,大阪府豊中市服部緑地1-2,大阪府,豊中市,服部緑地,1-2,,34.778333,135.489983,,,,,,,,,,,,,42914,,,,,,,,,,,,
272035,0000000061,大阪府豊中市,カトリック豊中教会聖堂及びヨゼフ館,カトリックトヨナカキョウカイセイドウオヨビヨゼフカン,,,国登録有形文化財,建造物,,272035,,大阪府豊中市本町6-1-6,大阪府,豊中市,本町6,1-6,,34.790211,135.467103,,,,,,,,,,,,,41919,,,,,,,,,,,,
272035,0000000062,大阪府豊中市,カトリック豊中教会司祭館,カトリックトヨナカキョウカイシサイカン,,,国登録有形文化財,建造物,,272035,,大阪府豊中市本町6-1-6,大阪府,豊中市,本町6,1-6,,34.790045,135.466826,,,,,,,,,,,,,41919,,,,,,,,,,,,
272035,0000000063,大阪府豊中市,マチカネワニ化石,マチカネワニカセキ,,,国登録記念物,その他,,272035,,大阪府豊中市待兼山町1-20,大阪府,豊中市,待兼山町,1-20,,34.807448,135.449064,,,,,,,,,,,,,41918,,,,,,,,,,,,
272035,0000000064,大阪府豊中市,旧重光家高倉,キュウシゲミツケタカクラ,,,大阪府指定有形文化財,建造物,日本民家集落博物館,272035,,大阪府豊中市服部緑地1-2,大阪府,豊中市,服部緑地,1-2,,34.77894,135.488564,,,,,,,,,,,,,27117,,,,,,,,,,,,
272035,0000000065,大阪府豊中市,旧丸田家住宅,キュウマルタケジュウタク,,,大阪府指定有形文化財,建造物,日本民家集落博物館,272035,,大阪府豊中市服部緑地1-2,大阪府,豊中市,服部緑地,1-2,,34.778947,135.489718,,,,,,,,,,,,,27117,,,,,,,,,,,,
272035,0000000066,大阪府豊中市,旧山下家住宅,キュウヤマシタケジュウタク,,,大阪府指定有形文化財,建造物,日本民家集落博物館,272035,,大阪府豊中市服部緑地1-2,大阪府,豊中市,服部緑地,1-2,,34.77866,135.489922,,,,,,,,,,,,,27117,,,,,,,,,,,,
272035,0000000067,大阪府豊中市,旧藤原家住宅,キュウフジワラケジュウタク,,,大阪府指定有形文化財,建造物,日本民家集落博物館,272035,,大阪府豊中市服部緑地1-2,大阪府,豊中市,服部緑地,1-2,,34.778176,135.489764,,,,,,,,,,,,,27117,,,,,,,,,,,,
272035,0000000068,大阪府豊中市,旧新田小学校校舎,キュウシンデンショウガッコウコウシャ,,,大阪府指定有形文化財,建造物,,272035,,大阪府豊中市上新田3-3-1,大阪府,豊中市,上新田3,3-1,,34.798391,135.496309,,,,,,,,,,,,,27484,,,,,,,,,,,,
272035,0000000069,大阪府豊中市,金禅寺木造十一面観音立像,コンゼンジモクゾウジュウイチメンカンノンリュウゾウ,,,大阪府指定有形文化財,美術工芸品,,272035,,大阪府豊中市本町5-3-64,大阪府,豊中市,本町5,3-64,,34.7892,135.466125,,,,,,,,,,,,,25619,,,,,,,,,,,,
272035,0000000070,大阪府豊中市,金寺廃寺塔刹柱礎石,カナデラハイジトウサッチュウソセキ,,,大阪府指定有形文化財,その他,,272035,,大阪府豊中市本町3-14-32,大阪府,豊中市,本町3,14-32,,34.789187,135.462706,,,,,,,,,,,,,27117,,,,,,,,,,,,
272035,0000000071,大阪府豊中市,宮前山古墳石棺,ミヤゼンヤマコフンセッカン,,,大阪府指定有形文化財,その他,,272035,,大阪府豊中市待兼山町1-5,大阪府,豊中市,待兼山町,1-5,,34.804686,135.45466,,,,,,,,,,,,,35046,,,,,,,,,,,,
272035,0000000072,大阪府豊中市,原田神社の流水文銅鐸,ハラダジンジャノリュウスイモンドウタク,,,大阪府指定有形文化財,その他,,272035,,大阪府豊中市中桜塚1-2-18,大阪府,豊中市,中桜塚1,2-18,,34.779437,135.465864,,,,,,,,,,,,,35464,,,,,,,,,,,,
272035,0000000073,大阪府豊中市,旧吉田の農村歌舞伎舞台,キュウヨシダノノウソンカブキブタイ,,,大阪府指定有形民俗文化財,その他,日本民家集落博物館,272035,,大阪府豊中市服部緑地1-2,大阪府,豊中市,服部緑地,1-2,,34.778519,135.489644,,,,,,,,,,,,,27117,,,,,,,,,,,,
272035,0000000074,大阪府豊中市,寶珠寺のヤマモモ,ホウシュジノヤマモモ,,,大阪府指定記念物,その他,,272035,,大阪府豊中市熊野町3-10-1,大阪府,豊中市,熊野町3,10-1,,34.79099,135.484112,,,,,,,,,,,,,42465,,,,,,,,,,,,
272035,0000000075,大阪府豊中市,原田神社摂社十二神社本殿,ハラダジンジャセッシャジュウニジンジャホンデン,,,豊中市指定有形文化財,建造物,,272035,,大阪府豊中市中桜塚1-2-18,大阪府,豊中市,中桜塚1,2-18,,34.779136,135.466168,,,,,,,,,,,,,32021,,,,,,,,,,,,
272035,0000000076,大阪府豊中市,麻田藩主邸表玄関,アサダハンシュテイオモテゲンカン,,,豊中市指定有形文化財,建造物,,272035,,大阪府豊中市春日町2-6-1,大阪府,豊中市,春日町2,6-1,,34.808048,135.466653,,,,,,,,,,,,,32021,,,,,,,,,,,,
272035,0000000077,大阪府豊中市,麻田藩陣屋門,アサダハンジンヤモン,,,豊中市指定有形文化財,建造物,,272035,,大阪府豊中市刀根山元町5-27,大阪府,豊中市,刀根山元町5,27,,34.798957,135.457945,,,,,,,,,,,,,32021,,,,,,,,,,,,
272035,0000000078,大阪府豊中市,西福寺石造宝篋印塔基礎,サイフクジセキゾウホウキョウイントウキソ,,,豊中市指定有形文化財,建造物,,272035,,大阪府豊中市小曽根1-6-38,大阪府,豊中市,小曽根1,6-38,,34.762547,135.485122,,,,,,,,,,,,,32021,,,,,,,,,,,,
272035,0000000079,大阪府豊中市,住吉神社石造宝篋印塔基礎,スミヨシジンジャセキゾウホウキョウイントウキソ,,,豊中市指定有形文化財,建造物,,272035,,大阪府豊中市長興寺北2-3-43,大阪府,豊中市,長興寺北2,3-43,,34.778361,135.477665,,,,,,,,,,,,,32021,,,,,,,,,,,,
272035,0000000080,大阪府豊中市,松林寺今西家石造五輪塔群,ショウリンジイマニシケセキゾウゴリントウグン,,,豊中市指定有形文化財,建造物,,272035,,大阪府豊中市浜2-1-10,大阪府,豊中市,浜2,1-10,,34.760429,135.479504,,,,,,,,,,,,,32021,,,,,,,,,,,,
272035,0000000081,大阪府豊中市,上新田天神社本殿,カミシンデンテンジンシャホンデン,,,豊中市指定有形文化財,建造物,,272035,,大阪府豊中市上新田1-17-1,大阪府,豊中市,上新田1,17-1,,34.803917,135.49701,,,,,,,,,,,,,34243,,,,,,,,,,,,
272035,0000000082,大阪府豊中市,旧川崎東照宮本地堂,キュウカワサキトウショウグウホンチドウ,,,豊中市指定有形文化財,建造物,,272035,,大阪府豊中市南桜塚1-12-7,大阪府,豊中市,南桜塚1,12-7,,34.774732,135.467627,,,,,,,,,,,,,35156,,,,,,,,,,,,
272035,0000000083,大阪府豊中市,原田神社石鳥居,ハラダジンジャイシドリイ,,,豊中市指定有形文化財,建造物,,272035,,大阪府豊中市中桜塚1-2-18,大阪府,豊中市,中桜塚1,2-18,,34.779331,135.466636,,,,,,,,,,,,,36617,,,,,,,,,,,,
272035,0000000084,大阪府豊中市,伊藤若冲筆　山水図,イトウジャクチュウヒツ　サンスイズ,,,豊中市指定有形文化財,美術工芸品,,272035,,大阪府豊中市小曽根1-6-38,大阪府,豊中市,小曽根1,6-38,,34.762712,135.485113,,,,,,,,,,,,,42948,,,,,,,,,,,,
272035,0000000085,大阪府豊中市,伊藤若冲筆　野晒図,イトウジャクチュウヒツ　ノザラシズ,,,豊中市指定有形文化財,美術工芸品,,272035,,大阪府豊中市小曽根1-6-38,大阪府,豊中市,小曽根1,6-38,,34.762712,135.485113,,,,,,,,,,,,,42948,,,,,,,,,,,,
272035,0000000086,大阪府豊中市,月岡雪鼎筆　鯉図,ツキオカセッテイヒツ　コイズ,,,豊中市指定有形文化財,美術工芸品,,272035,,大阪府豊中市曽根東町3-7-2,大阪府,豊中市,曽根東町3,7-2,,,,,,,,,,,,,,,,42948,,,,,,,,,,,,
272035,0000000087,大阪府豊中市,中井藍江筆　白雉図,ナカイランコウヒツ　シロキジズ,,,豊中市指定有形文化財,美術工芸品,,272035,,大阪府豊中市曽根東町3-7-2,大阪府,豊中市,曽根東町3,7-2,,,,,,,,,,,,,,,,42948,,,,,,,,,,,,
272035,0000000088,大阪府豊中市,金銅菩薩立像,コンドウボサツリュウゾウ,,,豊中市指定有形文化財,美術工芸品,,272035,,大阪府豊中市熊野町3-10-1,大阪府,豊中市,熊野町3,10-1,,34.791245,135.484244,,,,,,,,,,,,,32021,,,,,,,,,,,,
272035,0000000089,大阪府豊中市,木造彩色聖観音菩薩立像,モクゾウサイシキショウカンノンボサツリュウゾウ,,,豊中市指定有形文化財,美術工芸品,,272035,,大阪府豊中市熊野町3-10-1,大阪府,豊中市,熊野町3,10-1,,34.791245,135.484244,,,,,,,,,,,,,32021,,,,,,,,,,,,
272035,0000000090,大阪府豊中市,木造彩色四天王像,モクゾウサイシキシテンノウゾウ,,,豊中市指定有形文化財,美術工芸品,,272035,,大阪府豊中市中桜塚2-2-24,大阪府,豊中市,中桜塚2,2-24,,34.780217,135.467201,,,,,,,,,,,,,32021,,,,,,,,,,,,
272035,0000000091,大阪府豊中市,木造漆箔薬師如来坐像,モクゾウシッパクヤクシニョライザゾウ,,,豊中市指定有形文化財,美術工芸品,,272035,,大阪府豊中市中桜塚2-2-24,大阪府,豊中市,中桜塚2,2-24,,34.780217,135.467201,,,,,,,,,,,,,32021,,,,,,,,,,,,
272035,0000000092,大阪府豊中市,木造漆箔薬師如来坐像,モクゾウシッパクヤクシニョライザゾウ,,,豊中市指定有形文化財,美術工芸品,,272035,,大阪府豊中市宮山町1-10-1,大阪府,豊中市,宮山町1,10-1,,34.80747,135.464288,,,,,,,,,,,,,32021,,,,,,,,,,,,
272035,0000000093,大阪府豊中市,木造漆箔阿弥陀如来坐像,モクゾウシッパクアミダニョライザゾウ,,,豊中市指定有形文化財,美術工芸品,,272035,,大阪府豊中市蛍池東町1-13-12,大阪府,豊中市,蛍池東町1,13-12,,34.792743,135.451648,,,,,,,,,,,,,32021,,,,,,,,,,,,
272035,0000000094,大阪府豊中市,梵鐘,ボンショウ,,,豊中市指定有形文化財,美術工芸品,,272035,,大阪府豊中市熊野町4-8-1,大阪府,豊中市,熊野町4,8-1,,34.789964,135.478695,,,,,,,,,,,,,32021,,,,,,,,,,,,
272035,0000000095,大阪府豊中市,内田村中川家文書,ウチダムラナカガワケモンジョ,,,豊中市指定有形文化財,その他,,272035,,大阪府豊中市桜の町6,大阪府,豊中市,桜の町6,,,,,,,,,,,,,,,,,32021,,,,,,,,,,,,
272035,0000000096,大阪府豊中市,南刀根山村浅井家文書,ミナミトネヤマムラアサイケモンジョ,,,豊中市指定有形文化財,その他,,272035,,大阪府豊中市刀根山元町5,大阪府,豊中市,刀根山元町,5,,,,,,,,,,,,,,,,32021,,,,,,,,,,,,
272035,0000000097,大阪府豊中市,原田村野口家文書,ハラダムラノグチケモンジョ,,,豊中市指定有形文化財,その他,,272035,,大阪府豊中市服部豊町1,大阪府,豊中市,服部豊町1,,,,,,,,,,,,,,,,,32021,,,,,,,,,,,,
272035,0000000098,大阪府豊中市,洲到止村中井家文書,スドウシムラナカイケモンジョ,,,豊中市指定有形文化財,その他,,272035,,大阪府豊中市大島町1,大阪府,豊中市,大島町1,,,,,,,,,,,,,,,,,32021,,,,,,,,,,,,
272035,0000000099,大阪府豊中市,長興寺村文書付大伊勢講文書,チョウコウジムラモンジョツキオオイセコウモンジョ,,,豊中市指定有形文化財,その他,,272035,,大阪府豊中市中桜塚3-1-1,大阪府,豊中市,中桜塚3,1-1,,34.781291,135.469715,,,,,,,,,,,,,32021,,,,,,,,,,,,
272035,0000000100,大阪府豊中市,原田郷中倉村文書,ハラダゴウナカクラムラモンジョ,,,豊中市指定有形文化財,その他,,272035,,大阪府豊中市中桜塚3-1-1,大阪府,豊中市,中桜塚3,1-1,,34.781291,135.469715,,,,,,,,,,,,,42461,,,,,,,,,,,,
272035,0000000101,大阪府豊中市,原田神社文書,ハラダジンジャモンジョ,,,豊中市指定有形文化財,その他,,272035,,大阪府豊中市中桜塚1-2-18,大阪府,豊中市,中桜塚3,2-18,,34.779437,135.465864,,,,,,,,,,,,,42461,,,,,,,,,,,,
272035,0000000102,大阪府豊中市,麻田藩資料,アサダハンシリョウ,,,豊中市指定有形文化財,その他,,272035,,大阪府豊中市中桜塚3-1-1,大阪府,豊中市,中桜塚3,1-1,,34.770609,135.469677,,,,,,,,,,,,,32021,,,,,,,,,,,,
272035,0000000103,大阪府豊中市,大阪府摂津國豊島郡櫻塚村壱目三拾六墳全圖,オオサカフセッツノクニテシマグンサクラヅカムラヒトメサンジュウロクフンゼンズ,,,豊中市指定有形文化財,その他,,272035,,大阪府豊中市中桜塚3-1-1,大阪府,豊中市,中桜塚3,1-1,,34.781291,135.469715,,,,,,,,,,,,,34243,,,,,,,,,,,,
272035,0000000104,大阪府豊中市,水田西吟撰原田神社奉納俳諧額,ミズタサイギンセンハラダジンジャホウノウハイカイガク,,,豊中市指定有形文化財,その他,,272035,,大阪府豊中市中桜塚1-2-18,大阪府,豊中市,中桜塚3,1-2-18,,34.770662,135.469675,,,,,,,,,,,,,40269,,,,,,,,,,,,
272035,0000000105,大阪府豊中市,勝部遺跡出土弓筈状鹿角製品,カツベイセキシュツドユハズジョウロッカクセイヒン,,,豊中市指定有形文化財,その他,,272035,,大阪府豊中市中桜塚3-1-1,大阪府,豊中市,中桜塚3,1-1,,34.781291,135.469715,,,,,,,,,,,,,32021,,,,,,,,,,,,
272035,0000000106,大阪府豊中市,新免遺跡出土人面付土製品,シンメンイセキジンメンツキドセイヒン,,,豊中市指定有形文化財,その他,,272035,,大阪府豊中市中桜塚3-1-1,大阪府,豊中市,中桜塚3,1-1,,34.781291,135.469715,,,,,,,,,,,,,32021,,,,,,,,,,,,
272035,0000000107,大阪府豊中市,新免遺跡出土鉄斧形土製品,シンメンイセキシュツドテップガタドセイヒン,,,豊中市指定有形文化財,その他,,272035,,大阪府豊中市中桜塚3-1-1,大阪府,豊中市,中桜塚3,1-1,,34.781291,135.469715,,,,,,,,,,,,,32021,,,,,,,,,,,,
272035,0000000108,大阪府豊中市,利倉遺跡出土火鑚具,トクライセキシュツドヒキリグ,,,豊中市指定有形文化財,その他,,272035,,大阪府豊中市中桜塚3-1-1,大阪府,豊中市,中桜塚3,1-1,,34.781291,135.469715,,,,,,,,,,,,,32021,,,,,,,,,,,,
272035,0000000109,大阪府豊中市,金寺山廃寺跡出土瓦,カナデラヤマハイジアトシュツドカワラ,,,豊中市指定有形文化財,その他,,272035,,大阪府豊中市中桜塚3-1-1,大阪府,豊中市,中桜塚3,1-1,,34.781291,135.469715,,,,,,,,,,,,,32021,,,,,,,,,,,,
272035,0000000110,大阪府豊中市,山ノ上遺跡出土小形?製鏡,ヤマノウエイセキシュツドコガタボウセイキョウ,,,豊中市指定有形文化財,その他,,272035,,大阪府豊中市中桜塚3-1-1,大阪府,豊中市,中桜塚3,1-1,,34.781291,135.469715,,,,,,,,,,,,,32021,,,,,,,,,,,,
272035,0000000111,大阪府豊中市,島田遺跡出土子持勾玉,シマダイセキシュツドコモチマガタマ,,,豊中市指定有形文化財,その他,,272035,,大阪府豊中市中桜塚3-1-1,大阪府,豊中市,中桜塚3,1-1,,34.781291,135.469715,,,,,,,,,,,,,32021,,,,,,,,,,,,
272035,0000000112,大阪府豊中市,大石塚古墳出土埴輪,オオイシヅカコフンシュツドハニワ,,,豊中市指定有形文化財,その他,,272035,,大阪府豊中市中桜塚3-1-1,大阪府,豊中市,中桜塚3,1-1,,34.781291,135.469715,,,,,,,,,,,,,32021,,,,,,,,,,,,
272035,0000000113,大阪府豊中市,小石塚古墳出土壺形埴輪,コイシヅカコフンシュツドツボガタハニワ,,,豊中市指定有形文化財,その他,,272035,,大阪府豊中市中桜塚3-1-1,大阪府,豊中市,中桜塚3,1-1,,34.781291,135.469715,,,,,,,,,,,,,32021,,,,,,,,,,,,
272035,0000000114,大阪府豊中市,本町遺跡出土土馬,ホンマチイセキシュツドドバ,,,豊中市指定有形文化財,その他,,272035,,大阪府豊中市中桜塚3-1-1,大阪府,豊中市,中桜塚3,1-1,,34.781291,135.469715,,,,,,,,,,,,,32021,,,,,,,,,,,,
272035,0000000115,大阪府豊中市,穂積遺跡出土井戸,ホヅミイセキシュツドイド,,,豊中市指定有形文化財,その他,,272035,,大阪府豊中市中桜塚3-1-1,大阪府,豊中市,中桜塚3,1-1,,34.781291,135.469715,,,,,,,,,,,,,32021,,,,,,,,,,,,
272035,0000000116,大阪府豊中市,上津島南遺跡出土井戸,コウヅシマミナミイセキシュツドイド,,,豊中市指定有形文化財,その他,,272035,,大阪府豊中市中桜塚3-1-1,大阪府,豊中市,中桜塚3,1-1,,34.781291,135.469715,,,,,,,,,,,,,32021,,,,,,,,,,,,
272035,0000000117,大阪府豊中市,上津島南遺跡出土重圏文軒丸瓦,コウヅシマミナミイセキシュツドジュウケンモンノキマルガワラ,,,豊中市指定有形文化財,その他,,272035,,大阪府豊中市中桜塚3-1-1,大阪府,豊中市,中桜塚3,1-1,,34.781291,135.469715,,,,,,,,,,,,,32021,,,,,,,,,,,,
272035,0000000118,大阪府豊中市,野畑春日町遺跡出土有舌尖頭器,ノバタケカスガチョウイセキシュツドユウゼツセントウキ,,,豊中市指定有形文化財,その他,,272035,,大阪府豊中市中桜塚3-1-1,大阪府,豊中市,中桜塚3,1-1,,34.781291,135.469715,,,,,,,,,,,,,32021,,,,,,,,,,,,
272035,0000000119,大阪府豊中市,小曽根遺跡出土木簡,オゾネイセキシュツドモッカン,,,豊中市指定有形文化財,その他,,272035,,大阪府豊中市中桜塚3-1-1,大阪府,豊中市,中桜塚3,1-1,,34.781291,135.469715,,,,,,,,,,,,,32021,,,,,,,,,,,,
272035,0000000120,大阪府豊中市,野畑出土巫女埴輪,ノバタケシュツドミコハニワ,,,豊中市指定有形文化財,その他,,272035,,大阪府豊中市春日町1,大阪府,豊中市,春日町1,1,,,,,,,,,,,,,,,,34243,,,,,,,,,,,,
272035,0000000121,大阪府豊中市,勝部遺跡出土木棺墓等,カツベイセキシュツドモッカンボトウ,,,豊中市指定有形文化財,その他,,272035,,大阪府豊中市勝部2-7,大阪府,豊中市,勝部2,7,,34.774625,135.454054,,,,,,,,,,,,,36617,,,,,,,,,,,,
272035,0000000122,大阪府豊中市,穂積遺跡出土銅鏃未成品,ホヅミイセキシュツドドウゾクミセイヒン,,,豊中市指定有形文化財,その他,,272035,,大阪府豊中市中桜塚3-1-1,大阪府,豊中市,中桜塚3,1-1,,34.781291,135.469715,,,,,,,,,,,,,36617,,,,,,,,,,,,
272035,0000000123,大阪府豊中市,八坂神社台額,ヤサカジンジャダイガク,,,豊中市指定有形民俗文化財,その他,,272035,,大阪府豊中市熊野町3-10-20,大阪府,豊中市,熊野町3,10-20,,34.790568,135.484355,,,,,,,,,,,,,32021,,,,,,,,,,,,
272035,0000000124,大阪府豊中市,原田神社算額,ハラダジンジャサンガク,,,豊中市指定有形民俗文化財,その他,,272035,,大阪府豊中市中桜塚1-2-18,大阪府,豊中市,中桜塚1,2-18,,34.779437,135.465864,,,,,,,,,,,,,35156,,,,,,,,,,,,
272035,0000000125,大阪府豊中市,服部天神宮算額,ハットリテンジングウサンガク,,,豊中市指定有形民俗文化財,その他,,272035,,大阪府豊中市服部元町1-2-17,大阪府,豊中市,服部元町1,2-17,,34.763151,135.475941,,,,,,,,,,,,,35156,,,,,,,,,,,,
272035,0000000126,大阪府豊中市,原田神社獅子神事祭,ハラダジンジャシシシンジマツリ,,,豊中市指定無形民俗文化財,その他,,272035,,大阪府豊中市中桜塚1-2-18,大阪府,豊中市,中桜塚1,2-18,,34.779437,135.465864,,,,,,,,,,,,,32021,,,,,,,,,,,,
272035,0000000127,大阪府豊中市,上新田天神社とんど祭,カミシンデンテンジンシャトンドマツリ,,,豊中市指定無形民俗文化財,その他,,272035,,大阪府豊中市上新田1-17-1,大阪府,豊中市,上新田1,17-1,,34.803917,135.49701,,,,,,,,,,,,,32021,,,,,,,,,,,,
272035,0000000128,大阪府豊中市,八坂神社獅子神事祭,ヤサカジンジャシシシンジマツリ,,,豊中市指定無形民俗文化財,その他,,272035,,大阪府豊中市熊野町3-10-20,大阪府,豊中市,熊野町3,10-20,,34.790568,135.484355,,,,,,,,,,,,,35156,,,,,,,,,,,,
272035,0000000129,大阪府豊中市,島熊山窯跡,シマクマヤマカマアト,,,豊中市指定記念物,その他,,272035,,大阪府豊中市新千里南町1-5-3の一部,大阪府,豊中市,新千里南町1,5-3,一部,34.801649,135.487998,,,,,,,,,,,,,32021,,,,,,,,,,,,
272035,0000000130,大阪府豊中市,麻田藩陣屋跡,アサダハンジンヤアト,,,豊中市指定記念物,その他,,272035,,大阪府豊中市蛍池中町3-33,大阪府,豊中市,蛍池中町3,33,,34.794012,135.44859,,,,,,,,,,,,,32021,,,,,,,,,,,,
272035,0000000131,大阪府豊中市,原田城跡,ハラダジョウアト,,,豊中市指定記念物,その他,,272035,,大阪府豊中市曽根西町4-21-2､46､46-2､57-2､57-3､59､60-1､61-3,大阪府,豊中市,曽根西町4,"21-2,46,46-2,57-2,57-3,59,60-1,61-3",,34.773225,135.463021,,,,,,,,,,,,,32021,,,,,,,,,,,,
272035,0000000132,大阪府豊中市,桜井谷2－19窯跡　,サクライダニ2-19カマアト,,,豊中市指定記念物,その他,,272035,,大阪府豊中市北緑丘2-1-46,大阪府,豊中市,北緑丘2,1-46,,34.816972,135.477896,,,,,,,,,,,,,32021,,,,,,,,,,,,
272035,0000000133,大阪府豊中市,桜井谷2－24窯跡,サクライダニ2-24カマアト,,,豊中市指定記念物,その他,,272035,,大阪府豊中市北緑丘2-1-9,大阪府,豊中市,北緑丘2,1-9,,34.818117,135.478788,,,,,,,,,,,,,32021,,,,,,,,,,,,
272035,0000000134,大阪府豊中市,桜井谷2－23号窯跡,サクライダニ2-23ゴウカマアト,,,豊中市指定記念物,その他,,272035,,大阪府豊中市永楽荘4-13の一部､11-26,大阪府,豊中市,永楽荘4,"13,11-26",4-13は一部,34.817283,135.471512,,,,,,,,,,,,,37347,,,,,,,,,,,,
272035,0000000135,大阪府豊中市,蘇鉄,ソテツ,,,豊中市指定記念物,その他,,272035,,大阪府豊中市柴原町5-5-15,大阪府,豊中市,柴原町5,5-15,,34.802223,135.461249,,,,,,,,,,,,,32021,,,,,,,,,,,,
272035,0000000136,大阪府豊中市,薙刀（銘一備州吉岡住左近将監紀助光元應二年庚申十一月日）,ナギナタ（メイイチビシュウヨシオカノジュウサコンショウゲンキノスケミツ）,,,国宝,美術工芸品,,272035,,大阪府豊中市長興寺北1-1-7,大阪府,豊中市,長興寺北1,1-7,,,,,,,,,,,,,,,,19449,,,,,,,,,,,,
272035,0000000137,大阪府豊中市,太刀（銘景安）,タチ（メイカゲヤス）,,,重要文化財,美術工芸品,,272035,,大阪府豊中市長興寺北1-1-7,大阪府,豊中市,長興寺北1,1-7,,,,,,,,,,,,,,,,20122,,,,,,,,,,,,
272035,0000000138 ,大阪府豊中市,刀（銘康継）,カタナ（メイヤスツグ）,,,重要文化財,美術工芸品,,272035,,大阪府豊中市長興寺北1-1-7,大阪府,豊中市,長興寺北1,1-7,,,,,,,,,,,,,,,,21728,,,,,,,,,,,,
