SncR[h,ID,nc,,_Ji,_p,_,POIR[h,Oq,Oql,n_SncR[h,ID,n_A\L,n_s{,n_s,n_,n_n,ij,x,ox,x,xl,db,,A[AhX,AFormURL,AliASNSj,X,@l,c,p\j,Jn,I,p\L,,q,qo,cGo,IgC,X[vAGx[^AGXJ[^,_ubNx,_x,EE,,Mk,D,IXgCggC,,R[i[,H,xr[J[o,xr[J[p,URL,,CZX,l
220001,AA0000000001,,C,\ESEPVEWNZCJCJ,,,,,,220001,,s3-6-1,,s,,3-6-1,,34.980621,138.39006,K,6,(054)245-1595,,,,,,7000020220001,,y,9:00,21:00,,,,,,,,,,,,,,,,,,,,https://mokuseikaikan.jp/,,,
220001,AA0000000002,,c,V_\ESE`EV,,,,,,220001,,csac533-1O,,cs,ac,533-1O,,34.682607,138.950647,K,7,(0558)24-2012,,,,,,7000020220001,,,8:30,17:15,,,,,,,,,,,,,,,,,,,,https://www.pref.shizuoka.jp/kensei/introduction/kenchosha/1002017/1007513.html,,,
220001,AA0000000003,,MC,A^~\ESE`EV,,,,,,220001,,MCs13-15,,MCs,,13-15,,35.09561,139.068713,K,5,(0557)82-9056,,,,,,7000020220001,,,8:30,17:15,,,,,,,,,,,,,,,,,,,,https://www.pref.shizuoka.jp/kensei/introduction/kenchosha/1002017/1007517.html,,,
220001,AA0000000004,,,gEu\ESE`EV,,,,,,220001,,s{1-3,,s,{,1-3,,35.107007,138.856566,K,8,(055)920-2013,,,,,,7000020220001,,,8:30,17:15,,,,,,,,,,,,,,,,,,,,https://www.pref.shizuoka.jp/kensei/introduction/kenchosha/1002017/1007516.html,,,
220001,AA0000000005,,xm,tW\ESE`EV,,,,,,220001,,xms{sOc441-1O,,xms,{sOc,441-1O,,35.156596,138.661832,K,6,(0545)65-2112,,,,,,7000020220001,,,8:30,17:15,,,,,,,,,,,,,,,,,,,,https://www.pref.shizuoka.jp/kensei/introduction/kenchosha/1002017/1053114.html,,,
220001,AA0000000006,,,VYIJ\ESE`EV,,,,,,220001,,sxL11-1,,s,xL,11-1,,34.968718,138.406496,K,7,(054)286-9112,,,,,,7000020220001,,,8:30,17:15,,,,,,,,,,,,,,,,,,,,https://www.pref.shizuoka.jp/kensei/introduction/kenchosha/1002017/1007514.html,,,
220001,AA0000000007,,},tWG_\ESE`EV,,,,,,220001,,}sV362-1,,}s,V,362-1,,34.848483,138.236155,K,4,(054)644-9116,,,,,,7000020220001,,,8:30,17:15,,,,,,,,,,,,,,,,,,,,https://www.pref.shizuoka.jp/kensei/introduction/kenchosha/1002017/1007512.html,,,
220001,AA0000000008,,,`EG\ESE`EV,,,,,,220001,,cst3599-4,,cs,t,3599-4,,34.727995,137.852063,K,4,(0538)37-2206,,,,,,7000020220001,,,8:30,17:15,,,,,,,,,,,,,,,,,,,,https://www.pref.shizuoka.jp/kensei/introduction/kenchosha/1002017/1007515.html,,,
220001,AA0000000009,,l,n}}c\ESE`EV,,,,,,220001,,ls1-12-1,,ls,,1-12-1,,34.710494,137.734556,K,11,(053)458-7123,,,,,,7000020220001,,,8:30,17:15,,,,,,,,,,,,,,,,,,,,https://www.pref.shizuoka.jp/kensei/introduction/kenchosha/1002017/1053115.html,,,
220001,AA0000000010,,{,z`E,,,,,,220001,,s9-6,,s,,9-6,,34.976893,138.382977,K,4,(054)221-2455,,,,,,7000020220001,,,8:30,17:15,,,,,,,,,,,,,,,,,,,,https://www.pref.shizuoka.jp/kensei/introduction/kenchosha/1002011/1009017.html,,,
220001,AA0000000011,,yax,LEk}dh{NWVSeoVV,,,,,,220001,,asc1446-10,,as,c,1446-10,,35.299273,138.914373,K,1,(055)920-2202,,,,,,7000020220001,,,,,,,,,,,,,,,,,,,,,,,,https://www.pref.shizuoka.jp/machizukuri/dobokujimusho/numazudoboku/index.html,,,
220001,AA0000000012,,hwZ,VE{EKbRE,,,,,,220001,,sJ1-577-1,,s,J,1-577-1,,35.070246,138.518004,K,2,(054)369-1190,,,,,,7000020220001,,,,,,,,,,,,,,,,,,,,,,,,https://www.pref.shizuoka.jp/bosaikinkyu/shobo/shobohonbu/1030264.html,,,
220001,AA0000000013,,qhZ^[,QVN{ETCZ^[,,,,,,220001,,qVs3520-17,,qVs,,3520-17,,34.79828,138.17326,K,3,(0548)29-1111,,,,,,7000020220001,,,9:30,16:30,uj@vKxANNni122913jAP{y{eiX,,,,,,,,,,,,,,,,,,,https://www.pref.shizuoka.jp/bosaikinkyu/genshiryoku/1040804/1030336.html,,,
220001,AA0000000014,,nkhZ^[,WV{ETCZ^[,,,,,,220001,,s`5-9-1,,s,`,5-9-1,,34.96479,138.37379,K,3,(054)251-7100,,,,,,7000020220001,,y,9:00,16:00,NNnx,,,,,,,,,,,,,,,,,,,http://www.pref.shizuoka.jp/bosaikinkyu/sonae/earthquake/bosaicenter/index.html,,,
220001,AA0000000015,,`i{jP,VYIJNEREiz^Cuj\mC`,,,,,,220001,,qVsR3336-4,,qVs,R,3336-4,,,,K,1,(054)221-3276,,,,,,7000020220001,,y,6:40,22:00,"tCgXB
xAi23:30`5F30jAB",,,,,,,,,,,,,,,,,,,https://www.mtfuji-shizuokaairport.jp/,,,
220001,AA0000000016,,`ijP,VYIJNEREiVECuj\mC`,,,,,,220001,,qVsXMi1639-1,,qVs,XMi,1639-1,,,,K,1,(054)221-3276,,,,,,7000020220001,,y,6:40,22:00,"tCgXB
xAi23:30`5F30jAB",,,,,,,,,,,,,,,,,,,https://www.mtfuji-shizuokaairport.jp/,,,
220001,AA0000000017,,p,PcrWcJ,,,,,,220001,,sxJc53-2,,s,xJc,53-2,,34.992068,138.446142,K,2,(054)263-5755,,,,,,7000020220001,,y,10:00,17:30,17F00BjjJExB,,,,,,,,,,,,,,,,,,,https://spmoa.shizuoka.shizuoka.jp/,,,
220001,AA0000000018,,J,k}dEZCJCJ,,,,,,220001,,s{1-3,,s,{,1-3,,35.107979,138.856941,K,3,(055)921-5221,,,,,,7000020220001,,y,9:00,21:00,,,,,,,,,,,,,,,,,,,,http://www.pref.shizuoka.jp/sangyoshigoto/shuroshien/roukaikan/1026079.html,,,
220001,AA0000000019,,Jij,LEV\ESEJCJiPuj,,,,,,220001,,s5-1,,s,,5-1,,34.969413,138.383824,K,7,(054)221-6280,,,,,,7000020220001,,y,9:00,21:00,,,,,,,,,,,,,,,,,,,,http://www.pref.shizuoka.jp/sangyoshigoto/shuroshien/roukaikan/1026080.html,,,
220001,AA0000000020,,lJ,n}}cEZCJCJ,,,,,,220001,,ls2-7-1,,ls,,2-7-1,,34.415633,137.430299,K,10,(053)454-5491,,,,,,7000020220001,,y,9:00,21:00,,,,,,,,,,,,,,,,,,,,http://www.pref.shizuoka.jp/sangyoshigoto/shuroshien/roukaikan/1026081.html,,,
220001,AA0000000021,,RxVA[cZ^[,RxVA[cZ^[,,,,,,220001,,sx2-3-1,,s,x,2-3-1,,34.985583,138.417069,K,12,(054)203-5710,,,,,,7000020220001,,y,9:00,22:00,GgXI[v8:45BxHP(https://www.granship.or.jp/visitors/info/)fB,,,,,,,,,,,,,,,,,,,https://www.granship.or.jp/,,,
220001,AA0000000022,,|p,u^CQCWcREG,,,,,,220001,,sx100-1,,s,x,100-1,,34.980278,138.447222,K,1,(054)208-4008,,,,,,7000020220001,,y,10:00,18:00,,,,,,,,,,,,,,,,,,,,https://spac.or.jp/facilities/shizuoka-performing-arts-park,,,
220001,AA0000000023,,{{,jz_CJREVZc,,,,,,220001,,sni1522-1,,s,ni,1522-1,,34.583011,138.275644,K,1,(054)221-3617,,,,,,7000020220001,,,,,,,,,,,,,,,,,,,,,,,,https://www.pref.shizuoka.jp/kensei/introduction/soshiki/1002057/1002831/1041105.html,,,
220001,AA0000000024,,V{,CmJVJREVZc,,,,,,220001,,xm{sVZ1010O,,xm{s,VZ,1010O,,35.221446,138.340443,K,1,(054)221-3617,,,,,,7000020220001,,,,,,,,,,,,,,,,,,,,,,,,https://www.pref.shizuoka.jp/kensei/introduction/soshiki/1002057/1002831/1041105.html,,,
220001,AA0000000025,,BR{,_}}JREVZc,,,,,,220001,,sBR,,s,BR,,,34.582809,138.511593,K,1,(054)221-3617,,,,,,7000020220001,,,,,,,,,,,,,,,,,,,,,,,,https://www.pref.shizuoka.jp/kensei/introduction/soshiki/1002057/1002831/1041105.html,,,
220001,AA0000000026,,,qW_CS,,,,,,220001,,sR783,,s,R,783,,35.242627,138.082318,K,2,(080)1560-6309,,,,,,7000020220001,,,,,p\NBHP(https://hijiridairagoya.wixsite.com/hijiri/visit)QB,,,,,,,,,,,,,,,,,,,https://hijiridairagoya.wixsite.com/hijiri,,,
220001,AA0000000027,,cLv,^kLRLvWE,,,,,,220001,,xm{sV,,xm{s,V,,,35.203361,138.334144,K,1,(090)4234-8039,,,,,,7000020220001,,y,8:00,17:00,~G08:00`16:00j,,,,,,,,,,,,,,,,,,,https://tanukiko.com/,,,
220001,AA0000000028,,jQZ^[,_WLEhETJNZ^[,,,,,,220001,,sxn1-17-1,,s,xn,1-17-1,,34.968762,138.383183,K,8,(054)255-8440,,,,,,7000020220001,,y,9:00,21:00,"J
(j`yj)9:00`21:00
(jE)9:00`17:00
x
1E3E5j",,,,,,,,,,,,,,,,,,,https://www.azarea-navi.jp/,,,
220001,AA0000000029,,aX,VEm,,,,,,220001,,s@L147O,,s,@L,147O,,34.855519,138.921797,K,2,(054)221-2848,,,,,,7000020220001,,y,8:30,16:30,3jx,,,,,,,,,,,,,,,,,,,https://www.pref.shizuoka.jp/kensei/introduction/soshiki/1002382/1002546/1016917.html,,,
220001,AA0000000030,,aNZ^[@a,SeoPREtNVZ^[@SeoSEhE`EV,,,,,,220001,,as1113,,as,,1113,,35.280132,138.923152,K,3,(0550)82-1222,,,,,,7000020220001,,,8:30,17:15,,,,,,,,,,,,,,,,,,,,https://www.pref.shizuoka.jp/kenkofukushi/fukushicenter/1046799/index.html,,,
220001,AA0000000031,,NZ^[|x,ZCuPREtNVZ^[JPKVV`EV,,,,,,220001,,|s93,,|s,,93,,34.774462,138.032135,K,2,(0538)37-2243,,,,,,7000020220001,,,8:30,17:15,,,,,,,,,,,,,,,,,,,,https://www.pref.shizuoka.jp/kenkofukushi/fukushicenter/seibukenkofukushi/1004146/1033751.html,,,
220001,AA0000000032,,wZ,JSZKbRE,,,,,,220001,,xS212-1,,xS,,212-1,,35.106485,138.896729,K,3,(055)971-2135,,,,,,7000020220001,,,8:30,17:15,,,,,,,,,,,,,,,,,,,,https://www.pref.shizuoka.jp/kenkofukushi/iryo/kango/index.html,,,
220001,AA0000000033,,,\ESEVJCtNVJCJ,,,,,,220001,,sx{1-70,,s,x{,1-70,,34.979522,138.386579,K,8,(054)254-5221,,,,,,7000020220001,,,8:30,17:15,,,,,,,,,,,,,,,,,,,,http://shizuoka-wel.jp/shizuwel/,,,
220001,AA0000000034,,NZ^[,\ESEPREZ^[,,,,,,220001,,OsJc2276,,Os,Jc,2276,,35.121944,138.9525,K,3,(055)973-7000,,,,,,7000020220001,,,,,{p~B,,,,,,,,,,,,,,,,,,,https://shizuoka-sogokenkocenter.jp/,,,
220001,AA0000000035,,Ow,~J^oKNG,,,,,,220001,,lsL816,,ls,L,816,,34.755649,137.733906,K,1,(053)472-2281,,,,,,7000020220001,,,,,,,,,,,,,,,,,,,,,,,,https://www.pref.shizuoka.jp/kenkofukushi/1049584/1046797/index.html,,,
220001,AA0000000036,,xmw,tW~KNG,,,,,,220001,,xms2158,,xms,,2158,,35.224934,138.686771,K,2,(0545)35-0686,,,,,,7000020220001,,,,,,,,,,,,,,,,,,,,,,,,https://www.a-taiyou.jp/service/fujimi/,,,
220001,AA0000000037,,cw,C^KNG,,,,,,220001,,csL3577-1,,cs,L,3577-1,,34.731944,137.875833,K,2,(0538)32-2108,,,,,,7000020220001,,,,,,,,,,,,,,,,,,,,,,,,https://www.pref.shizuoka.jp/kenkofukushi/shogaifukushi/1002998/1046798/index.html,,,
220001,AA0000000038,,{zu,\ESEVJCtNVVZcAV^J^CEmIJ,,,,,,220001,,s{{5-2,,s,{{,5-2,,35.1451,138.838445,K,4,(055)923-7981,,,,,,7000020220001,,,,,,,,,,,,,,,,,,,,,,,,https://www.a-taiyou.jp/,,,
220001,AA0000000039,,Z^[iGAj,VYIJCEtNVZ^[itNVGAj,,,,,,220001,,sx5-3-30,,s,x,5-3-30,,34.976344,138.412398,K,3,(054)285-2402,,,,,,7000020220001,,,,,,,,,,,,,,,,,,,,,,,,https://www.sizuoka-iryofukusi.jp/,,,
220001,AA0000000040,,wZ^[,hEucJVhEZ^[`EV,,,,,,220001,,lsR3551-1,,ls,R,3551-1,,34.780976,137.681823,K,1,(053)437-0142,,,,,,7000020220001,,,8:30,17:15,,,,,,,,,,,,,,,,,,,,https://www.pref.shizuoka.jp/kensei/shisetsu/kenkoiryofukushi/1008931.html,,,
220001,AA0000000041,,HZpxZ^[,k}dREMEMWcVGZ^[,,,,,,220001,,sq_3981-1,,s,q_,3981-1,,35.137019,138.878903,K,3,(055)925-1100,,,,,,7000020220001,,,8:30,17:15,,,,,,,,,,,,,,,,,,,,https://www.iri.pref.shizuoka.jp/,,,
220001,AA0000000042,,CLx[gZ^[,k}dCLx[gZ^[,,,,,,220001,,sFqm_725-1,,s,Fqm_,725-1,,35.137019,138.878903,K,1,(055)925-1100,,,,,,7000020220001,,,8:30,17:15,,,,,,,,,,,,,,,,,,,,https://www.pref.shizuoka.jp/sangyoshigoto/kigyoshien/incubate/1028154.html,,,
220001,AA0000000043,,xmHZpxZ^[,tWREMEMWcVGZ^[,,,,,,220001,,xms2590-1,,xms,,2590-1,,35.19844,138.668586,K,3,(0545)35-5190,,,,,,7000020220001,,,8:30,17:15,,,,,,,,,,,,,,,,,,,,https://www.iri.pref.shizuoka.jp/about/fuji/,,,
220001,AA0000000044,,xmCLx[gZ^[,tWCLx[gZ^[,,,,,,220001,,xmss\E2586-3,,xms,s\E,2586-3,,,,K,1,(0545)35-5190,,,,,,7000020220001,,,8:30,17:15,,,,,,,,,,,,,,,,,,,,https://www.pref.shizuoka.jp/sangyoshigoto/kigyoshien/incubate/1028154.html,,,
220001,AA0000000045,,HZp,REMEMWcPLEW,,,,,,220001,,sqJ2078,,s,qJ,2078,,34.972576,138.343426,K,4,(054)278-3028,,,,,,7000020220001,,,8:30,17:15,,,,,,,,,,,,,,,,,,,,https://www.iri.pref.shizuoka.jp/,,,
220001,AA0000000046,,lHZpxZ^[,n}}cREMEMWcVGZ^[,,,,,,220001,,lskVsc1-3-3,,ls,kVsc,1-3-3,,34.820374,137.733557,K,4,(053)428-4151,,,,,,7000020220001,,,8:30,17:15,,,,,,,,,,,,,,,,,,,,https://www.iri.pref.shizuoka.jp/about/hamamatsu/,,,
220001,AA0000000047,,lCLx[gZ^[,n}}cCLx[gZ^[,,,,,,220001,,lskVsc1-103-24,,ls,kVsc,1-103-24,,34.819529,137.732656,K,1,(053)428-4151,,,,,,7000020220001,,,8:30,17:15,,,,,,,,,,,,,,,,,,,,https://www.pref.shizuoka.jp/sangyoshigoto/kigyoshien/incubate/1028154.html,,,
220001,AA0000000048,,Yo,TMEPCUCJCJ,,,,,,220001,,s44-1,,s,,44-1,,34.976784,138.379787,K,7,(054)273-4330,,,,,,7000020220001,,y,9:00,21:00,x 1E3j,,,,,,,,,,,,,,,,,,,http://www.sankei-kaikan.jp/,,,
220001,AA0000000049,,lRein,n}}ciCNReiL`,,,,,,220001,,ls5-1,,ls,,5-1,,34.443196,137.471694,K,1,(054)221-2514,,,,,,7000020220001,,,,,,,,,,,,,,,,,,,,,,,,http://www.contenayuso1971.or.jp/,,,
220001,AA0000000050,,HZwZLpX,REJ^L_CKbREk}dLpX,,,,,,220001,,s4044-24,,s,,4044-24,,35.13097,138.881634,K,2,(055)925-1073,,,,,,7000020220001,,,,,,,,,,,,,,,,,,,,,,,,https://scot.ac.jp/numazu/,,,
220001,AA0000000051,,lZpZ,n}}cMWcZRE,,,,,,220001,,lsr2444-1,,ls,r,2444-1,,34.743495,137.761828,K,4,(053)462-5602,,,,,,7000020220001,,,,,,,,,,,,,,,,,,,,,,,,https://hamamatsu-tech.ac.jp/,,,
220001,AA0000000052,,EPZ,AV^JVNMENRE,,,,,,220001,,s{{5-2,,s,{{,5-2,,35.144246,138.838453,K,3,(055)924-4380,,,,,,7000020220001,,,,,,,,,,,,,,,,,,,,,,,,https://ashitaka-vtc.ac.jp/,,,
220001,AA0000000053,,_{q,gEumEWVgEuJ`NzPGCZCW,,,,,,220001,,cSmc101,,cS,mc,101,,35.082165,138.942976,K,1,(055)978-3131,,,,,,7000020220001,,,8:30,17:15,,,,,,,,,,,,,,,,,,,,https://www.pref.shizuoka.jp/kensei/shisetsu/1049615/1008968.html,,,
220001,AA0000000054,,_Z^[,gEumEWVLmR\ESEZ^[,,,,,,220001,,sCPR4279-5,,s,CPR,4279-5,,34.976911,138.916551,K,2,(0558)72-1135,,,,,,7000020220001,,,8:30,17:15,,,,,,,,,,,,,,,,,,,,https://www.pref.shizuoka.jp/kensei/shisetsu/1049615/1008969.html,,,
220001,AA0000000055,,X,P~m,,,,,,220001,,s284,,s,,284,,35.227357,138.281307,K,1,(054)260-2214,,,,,,7000020220001,,y,8:30,16:00,jxiVEWxj,,,,,,,,,,,,,,,,,,,http://www.kenmori.info/,,,
220001,AA0000000056,,{q,`EuJ`NzPGCZCW,,,,,,220001,,cscrcC1120-1,,cs,crcC,1120-1,,34.847471,138.181652,K,2,(0547)37-1158,,,,,,7000020220001,,,8:30,17:15,,,,,,,,,,,,,,,,,,,,https://www.pref.shizuoka.jp/kensei/shisetsu/1049615/1008974.html,,,
220001,AA0000000057,,{q,ZCuJ`NzPGCZCW,,,,,,220001,,lsS392,,ls,S,392,,34.777835,137.77828,K,1,(053)434-2921,,,,,,7000020220001,,,8:30,17:15,,,,,,,,,,,,,,,,,,,,https://www.pref.shizuoka.jp/kensei/shisetsu/1049615/1008975.html,,,
220001,AA0000000058,,_,ZCumEWVCNVWE,,,,,,220001,,lslk{4831-2,,ls,lk{,4831-2,,34.8195,137.756211,K,1,(053)458-7203,,,,,,7000020220001,,,8:30,17:15,,,,,,,,,,,,,,,,,,,,https://www.pref.shizuoka.jp/sangyoshigoto/norinjimusho/seibunorin/index.html,,,
220001,AA0000000059,,k,zNG\ESE`EV,,,,,,220001,,lsV559,,ls,V,559,,34.850439,137.808976,K,4,(053)458-7208,,,,,,7000020220001,,,8:30,17:15,,,,,,,,,,,,,,,,,,,,https://www.pref.shizuoka.jp/kensei/introduction/kenchosha/1002017/1053116.html,,,
220001,AA0000000060,,_X,ZCumEWVVREG,,,,,,220001,,lslkmJr2895,,ls,lkmJr,2895,,34.879098,137.77997,K,1,(053)458-7208,,,,,,7000020220001,,y,9:00,16:30,,,,,,,,,,,,,,,,,,,,https://kenritsu-shinrinkouen.jp/,,,
220001,AA0000000061,,XX,PcVREGmCG,,,,,,220001,,lslk2450-1,,ls,lk,2450-1,,34.84982,137.791986,K,2,(053)583-0090,,,,,,7000020220001,,y,9:00,21:00,,,,,,,,,,,,,,,,,,,,https://morinoie.biz/,,,
220001,AA0000000062,,XrW^[Z^[,PcVREGrW^[Z^[,,,,,,220001,,lslk2597-7,,ls,lk,2597-7,,34.849098,137.77997,K,1,(053)583-0443,,,,,,7000020220001,,y,9:00,16:30,xATjijj1229`13,,,,,,,,,,,,,,,,,,,https://kenritsu-shinrinkouen.jp/facilities/birdpia/,,,
220001,AA0000000063,,pZ^[,IXCEPLEZ^[,,,,,,220001,,Osq4427-1,,Os,q,4427-1,,34.621056,138.155399,K,2,(0537)86-4439,,,,,,7000020220001,,,8:30,17:15,,,,,,,,,,,,,,,,,,,,https://www.pref.shizuoka.jp/sangyoshigoto/suisan/suisanshigen/1047554/1028118.html,,,
220001,AA0000000064,,pZ^[,IXCEPLEZ^[k}duWE,,,,,,220001,,s1245-9,,s,,1245-9,,35.040964,138.899047,K,1,(055)939-0068,,,,,,7000020220001,,,8:30,17:15,,,,,,,,,,,,,,,,,,,,https://www.pref.shizuoka.jp/sangyoshigoto/suisan/suisanshigen/1047554/1028118.html,,,
220001,AA0000000065,,YECmZp,XCTEJCEMWcPLEWk}duVc,,,,,,220001,,s1245-13,,s,,1245-13,,35.042132,138.899294,K,1,(054)221-2696,,,,,,7000020220001,,,8:30,17:15,,,,,,,,,,,,,,,,,,,,https://fish-exp.pref.shizuoka.jp/,,,
220001,AA0000000066,,w,MMEREgEKNG,,,,,,220001,,s3747-2,,s,,3747-2,,34.851816,138.323745,K,1,(054)627-0219,,,,,,7000020220001,,,,,,,,,,,,,,,,,,,,,,,,https://gyogaku.com/,,,
220001,AA0000000067,,_Ew,mEJLEZVN_CKN,,,,,,220001,,csxu678-1,,cs,xu,678-1,,34.731025,137.843542,K,4,(0538)31-7905,,,,,,7000020220001,,,,,,,,,,,,,,,,,,,,,,,,https://shizuoka-norin-u.ac.jp/,,,
220001,AA0000000068,,_Ew@|@BC,mEJLEZVN_CKN@JPKLJCPVEWE,,,,,,220001,,|sVc2770-1,,|s,Vc,2770-1,,34.78165,137.983931,K,1,(0537)22-1440 ,,,,,,7000020220001,,,,,,,,,,,,,,,,,,,,,,,,https://shizuoka-norin-u.ac.jp/,,,
220001,AA0000000069,,_Zp,mEMWcPLEW,,,,,,220001,,csxu678-1,,cs,xu,678-1,,34.729269,137.846371,K,3,(0538)35-7211,,,,,,7000020220001,,,8:30,17:15,,,,,,,,,,,,,,,,,,,,http://www.agri-exp.pref.shizuoka.jp/,,,
220001,AA0000000070,,_Zp,mEMWcPLEWJzWE,,,,,,220001,,cs458-1,,cs,,458-1,,34.736411,137.836731,K,1,(0538)35-7211,,,,,,7000020220001,,,8:30,17:15,,,,,,,,,,,,,,,,,,,,http://www.agri-exp.pref.shizuoka.jp/,,,
220001,AA0000000071,,_Z_,mEMPCYTrPLELe,,,,,,220001,,sP2860-25,,s,P,2860-25,,34.872117,138.925319,K,2,(0558)85-0047,,,,,,7000020220001,,,8:30,17:15,,,,,,,,,,,,,,,,,,,,https://www.pref.shizuoka.jp/sangyoshigoto/norinjimusho/izunogyo/1034342.html,,,
220001,AA0000000072,,_ZpO,mEMWcPLEW~JmzWE,,,,,,220001,,csOZc65-1,,cs,OZc,65-1,,34.733334,137.89368,K,1,(0538)35-7211,,,,,,7000020220001,,,8:30,17:15,,,,,,,,,,,,,,,,,,,,https://www.agri-exp.pref.shizuoka.jp/,,,
220001,AA0000000073,,_Zp_Z^[,mEMWcPLEWCYmEMEPLEZ^[,,,,,,220001,,S3012,,S,,3012,,34.781435,139.049546,K,1,(0557)95-2341,,,,,,7000020220001,,,8:30,17:15,,,,,,,,,,,,,,,,,,,,https://www.pref.shizuoka.jp/sangyoshigoto/norinjimusho/izunogyo/1034342.html,,,
220001,AA0000000074,,Z^[,`MEPLEZ^[,,,,,,220001,,esq1706-11,,es,q,1706-11,,34.784266,138.140338,K,2,(0548)27-2311,,,,,,7000020220001,,,8:30,17:15,,,,,,,,,,,,,,,,,,,,https://www.pref.shizuoka.jp/sangyoshigoto/norinjimusho/1046794/index.html,,,
220001,AA0000000075,,_ZpZ^[,mEMWcPLEWJWPLEZ^[,,,,,,220001,,sn,,s,n,,,35.081664,138.490278,K,2,(054)376-6150,,,,,,7000020220001,,,8:30,17:15,,,,,,,,,,,,,,,,,,,,https://www.kajuken-shizuoka.jp/index.html,,,
220001,AA0000000076,,{YZp,`NTMWcPLEW,,,,,,220001,,xm{sV1945,,xm{s,V,1945,,35.353158,138.577169,K,2,(0537)35-2291,,,,,,7000020220001,,,8:30,17:15,,,,,,,,,,,,,,,,,,,,https://www.pref.shizuoka.jp/sangyoshigoto/norinjimusho/1046796/1044314.html,,,
220001,AA0000000077,,{Z^[,`EVEJ`NPLEZ^[,,,,,,220001,,es2780,,es,,2780,,34.758181,138.066199,K,2,(0544)52-0146,,,,,,7000020220001,,,8:30,17:15,,,,,,,,,,,,,,,,,,,,https://www.pref.shizuoka.jp/sangyoshigoto/norinjimusho/1046796/1044316.html,,,
220001,AA0000000078,,XEZ^[,VEMEPLEZ^[,,,,,,220001,,lslk2547,,ls,lk,2547,,34.850242,137.802531,K,1,(053)583-3121,,,,,,7000020220001,,,8:30,17:15,,,,,,,,,,,,,,,,,,,,https://www.pref.shizuoka.jp/sangyoshigoto/norinjimusho/1046795/index.html,,,
220001,AA0000000079,,_Ew@Z,mEJLEZVN_CKN@LEMEuRE,,,,,,220001,,lslkC4034-4,,ls,lkC,4034-4,,34.850952,137.803569,K,2,(0538)31-7901,,,,,,7000020220001,,,,,,,,,,,,,,,,,,,,,,,,https://shizuoka-norin-u.ac.jp/,,,
220001,AA0000000080,,YECmZp,XCTEJCEMWcPLEWCYuWE,,,,,,220001,,csl`CmL251-1,,cs,l`CmL,251-1,,34.709422,138.978819,K,1,(0558)22-0835,,,,,,7000020220001,,,8:30,17:15,,,,,,,,,,,,,,,,,,,,https://fish-exp.pref.shizuoka.jp/izu/,,,
220001,AA0000000081,,YECmZpxm{,XCTEJCEMWcPLEWtWE\WE,,,,,,220001,,xm{sV579-2,,xm{s,V,579-2,,35.369244,138.565642,K,1,(0544)52-0311,,,,,,7000020220001,,,8:30,17:15,,,,,,,,,,,,,,,,,,,,https://fish-exp.pref.shizuoka.jp/fuji/,,,
220001,AA0000000082,,YECmZpl,XCTEJCEMWcPLEWn}iRuWE,,,,,,220001,,lsV5005-3,,ls,V,5005-3,,34.69756,137.605786,K,2,(053)592-0139,,,,,,7000020220001,,,8:30,17:15,,,,,,,,,,,,,,,,,,,,https://fish-exp.pref.shizuoka.jp/hamanako/,,,
220001,AA0000000083,,YECmZpxp[wYp{,XCTEJCEMWcPLEWXKV\EXCXCTEVZc,,,,,,220001,,sP136-24,,s,P,136-24,,34.858458,138.325208,K,1,(054)620-8911,,,,,,7000020220001,,,8:30,17:15,,,,,,,,,,,,,,,,,,,,https://fish-exp.pref.shizuoka.jp/06information/6-2-5.html,,,
220001,AA0000000084,,cyx,V_h{NWV}cULVV,,,,,,220001,,S]629-6,,S,],629-6,,34.758979,138.779157,K,2,(0558)24-2103,,,,,,7000020220001,,,8:30,17:15,,,,,,,,,,,,,,,,,,,,https://www.pref.shizuoka.jp/machizukuri/dobokujimusho/shimodadoboku/index.html,,,
220001,AA0000000085,,MCyx,A^~h{NWVCgEVV,,,,,,220001,,s546-16,,s,,546-16,,34.984322,139.093539,K,2,(0557)37-2947,,,,,,7000020220001,,,8:30,17:15,,,,,,,,,,,,,,,,,,,,https://www.pref.shizuoka.jp/machizukuri/dobokujimusho/atamidoboku/index.html,,,
220001,AA0000000086,,yCPx,k}dh{NWVV[WVV,,,,,,220001,,sa36-1,,s,a,36-1,,34.971739,138.948505,K,1,(0558)72-2058,,,,,,7000020220001,,,8:30,17:15,,,,,,,,,,,,,,,,,,,,https://www.pref.shizuoka.jp/machizukuri/dobokujimusho/numazudoboku/index.html,,,
220001,AA0000000087,,xmyxm{,tWh{NWVtWm~u`EV,,,,,,220001,,xm{scJ350-14,,xm{s,cJ,350-14,,35.214824,138.612841,K,1,(0544)27-1111,,,,,,7000020220001,,,8:30,17:15,,,,,,,,,,,,,,,,,,,,https://www.pref.shizuoka.jp/machizukuri/dobokujimusho/fujidoboku/1034500.html,,,
220001,AA0000000088,,cyx,V}_h{NWVJlVV,,,,,,220001,,csR1313-4,,cs,R,1313-4,,34.937683,138.075295,K,2,(0547)53-3133,,,,,,7000020220001,,,8:30,17:15,,,,,,,,,,,,,,,,,,,,https://shimada.doboku.pref.shizuoka.jp/,,,
220001,AA0000000089,,cy,V}_h{NWV,,,,,,220001,,csx5-7-1,,cs,x,5-7-1,,34.838014,138.21069,K,4,(0547)37-5271,,,,,,7000020220001,,,8:30,17:15,,,,,,,,,,,,,,,,,,,,https://shimada.doboku.pref.shizuoka.jp/,,,
220001,AA0000000090,,y,tNCh{NWV,,,,,,220001,,sR2-1,,s,R,2-1,,34.741542,137.921355,K,3,(0538)42-3210,,,,,,7000020220001,,,8:30,17:15,,,,,,,,,,,,,,,,,,,,https://www.pref.shizuoka.jp/kensei/shisetsu/doboku/1008987.html,,,
220001,AA0000000091,,cqY`,^SmEREJWV,,,,,,220001,,xms2-1,,xms,,2-1,,35.143249,138.700538,K,3,(0545)33-0495,,,,,,7000020220001,,,8:30,17:15,,,,,,,,,,,,,,,,,,,,https://www.pref.shizuoka.jp/kensei/shisetsu/doboku/1008978.html,,,
220001,AA0000000092,,`,V~YREJLN,,,,,,220001,,so9-25,,s,o,9-25,,35.008611,138.496389,K,7,(054)353-2201 ,,,,,,7000020220001,,,8:30,17:15,,,,,,,,,,,,,,,,,,,,https://www.portofshimizu.com/,,,
220001,AA0000000093,,`pZ^[,V~YREREEZ^[,,,,,,220001,,so10-80,,s,o,10-80,,35.009126,138.496898,K,3,(054)355-1122,,,,,,7000020220001,,y,9:00,21:00,,,,,,,,,,,,,,,,,,,,http://www.hinode-dream.jp/information/tarminal.html,,,
220001,AA0000000094,,O`(),I}GULREJWV(`EV),,,,,,220001,,Os`6170-1,,Os,`,6170-1,,34.609979,138.214746,K,3,(0548)63-3213,,,,,,7000020220001,,,8:30,17:15,,,,,,,,,,,,,,,,,,,,http://doboku.pref.shizuoka.jp/desaki2/omaezaki/,,,
220001,AA0000000095,,ZpZ^[,PZcMWcJZ^[,,,,,,220001,,sxp@1-10-1,,s,xp@,1-10-1,,34.929325,138.365148,K,2,(054)268-5004,,,,,,7000020220001,,,8:30,17:15,,,,,,,,,,,,,,,,,,,,https://www.pref.shizuoka.jp/kensei/introduction/soshiki/1003451/1001561/1028651.html,,,
220001,AA0000000096,,vTFf,vTFf,,,,,,220001,,s1-1-4,,s,,1-1-4,,35.10401,138.86181,K,5,(055)920-4100,,,,,,7000020220001,,y,9:00,22:00,,,,,,,,,,,,,,,,,,,,https://www.plazaverde.jp/,,,
220001,AA0000000097,,^,NTiM\ESEEhEWE,,,,,,220001,,sxI270,,s,xI,270,,34.989231,138.429751,K,1,(054)261-9265,,,,,,7000020220001,,y,8:30,21:00,,,,,,,,,,,,,,,,,,,,https://www.kusanagi-sportscomplex.jp/,,,
220001,AA0000000098,,BCl,GVEi_JCqREG,,,,,,220001,,ls]VR1706,,ls,]VR,1706,,34.668975,137.749533,K,2,(053)441-3766,,,,,,7000020220001,,,,,,,,,,,,,,,,,,,,,,,,http://www.hama-park.or.jp/f-kanri/f-ennsyuu/ennsyuu-kahinn.htm,,,
220001,AA0000000099,,L,AV^JRECLREG,,,,,,220001,,s202,,s,,202,,35.155594,138.852822,K,2,(055)924-8878,,,,,,7000020220001,,y,8:30,21:00,,,,,,,,,,,,,,,,,,,,https://shisetsu.mizuno.jp/m-7408,,,
220001,AA0000000100,,gc,V_REG,,,,,,220001,,YSgcK{^4036-2,,YSgc,K{^,4036-2,,34.766628,138.284108,K,1,(0548)33-1420,,,,,,7000020220001,,,,,,,,,,,,,,,,,,,,,,,,https://www.npo-shizuka.com/,,,
220001,AA0000000101,,xmR,tWTRhmNj,,,,,,220001,,xmsKmE998-1,,xms,KmE,998-1,,35.252414,138.772419,K,3,(0545)22-5555,,,,,,7000020220001,,y,9:00,17:00,10`309:00`16:00B05`10E~xENNnEtxES[fEB[NEjxB,,,,,,,,,,,,,,,,,,,https://www.kodomo.or.jp/,,,
220001,AA0000000102,,}R^,IKT}\ESEEhEREG,,,,,,220001,,s2300-1,,s,,2300-1,,34.7441,137.9697,K,6,(0538)41-1800,,,,,,7000020220001,,y,8:30,21:00,,,,,,,,,,,,,,,,,,,,https://www.ecopa.jp/,,,
220001,AA0000000103,,lK[fp[N,n}iRK[fp[N,,,,,,220001,,ls5475-1,,ls,,5475-1,,34.715381,137.599822,K,1,(053)488-1500,,,,,,7000020220001,,y,8:30,17:00,i7E8j8:30`18:00,,,,,,,,,,,,,,,,,,,https://www.hamanako-gardenpark.jp/,,,
220001,AA0000000104,,,~h`EVR,,,,,,220001,,s70-1,,s,,70-1,,34.987095,138.391501,K,1,(054)221-2143,,,,,,7000020220001,,,,,,,,,,,,,,,,,,,,,,,,https://www.pref.shizuoka.jp/kensei/introduction/soshiki/1003691/1041068.html,,,
220001,AA0000000105,,NYJZ^[,CEPRETMEPLEJCncZ^[,,,,,,220001,,xSE1002-1,,xS,E,1002-1,,35.15299,138.885705,K,3,(055)980-5533,,,,,,7000020220001,,,8:30,17:15,,,,,,,,,,,,,,,,,,,,http://www.fuji-pvc.jp/pharmabase/,,,
220001,AA0000000106,,mwZn,LEIIqgREgEKbREAg`,,,,,,220001,,sm334,,s,m,334,,34.996792,138.939843,K,1,(054)221-2122,,,,,,7000020220001,,,,,,,,,,,,,,,,,,,,,,,,https://www.pref.shizuoka.jp/kensei/introduction/soshiki/1002303/1040985/1011943.html,,,
220001,AA0000000107,,xwZ,XK\ESEREgEKbRE,,,,,,220001,,sxL3-4-17,,s,xL,3-4-17,,34.963807,138.4106,,,(054)260-6688,,,,,,7000020220001,,,,,,,,,,,,,,,,,,,,,,,,http://www.edu.pref.shizuoka.jp/surugasogo-h/home.nsf/IndexFormView?OpenView,,,
220001,AA0000000108,,|xwZ,JPKgNxcVGKbRE,,,,,,220001,,|sJ1-1-2,,|s,J,1-1-2,,34.761804,138.025725,K,2,(0537)29-6791,,,,,,7000020220001,,,,,,,,,,,,,,,,,,,,,,,,http://www.edu.pref.shizuoka.jp/kakegawa-sh/home.nsf/IndexFormView?OpenView,,,
220001,AA0000000109,,OZ^[,ATMKCJchEZ^[,,,,,,220001,,xm{s1,,xm{s,,1,,35.385442,138.587621,K,1,(0544)52-0322,,,,,,7000020220001,,y,9:00,21:00,jsxB,,,,,,,,,,,,,,,,,,,https://asagiri-camping.sakura.ne.jp/,,,
220001,AA0000000110,,OPN,~bJrZClmCG,,,,,,220001,,lskOs}523-1,,ls,kOs},523-1,,34.782175,137.579368,K,5,(053)526-7156,,,,,,7000020220001,,y,,,jjjxB,,,,,,,,,,,,,,,,,,,http://mikkabi-mfp.jp/,,,
220001,AA0000000111,,N,ZCVElJCJ,,,,,,220001,,sc1-70-1,,s,c,1-70-1,,34.974186,138.364584,K,3,(054)255-2566@,,,,,,7000020220001,,y,9:00,21:30,j17:00,,,,,,,,,,,,,,,,,,,https://www.youthnet.or.jp/,,,
220001,AA0000000112,,j,PcXCGCWE,,,,,,220001,,sPJ357-2,,s,PJ,357-2,,35.013368,138.352085,K,3,(054)296-3675,,,,,,7000020220001,,y,10:00,20:30,,,,,,,,,,,,,,,,,,,,https://www.shizuoka-pool.com/wpswim/,,,
220001,AA0000000113,,,PuhEJ,,,,,,220001,,}sO2-10-1,,}s,O,2-10-1,,34.845252,138.251503,K,3,(054)636-2332,,,,,,7000020220001,,y,9:00,21:00,jjxB,,,,,,,,,,,,,,,,,,,https://www.shizuokakenbudoukan.jp/,,,
220001,AA0000000114,,xmj,tWXCGCWE,,,,,,220001,,xms266,,xms,,266,,35.196957,138.690001,K,3,(0545)35-6022,,,,,,7000020220001,,y,10:00,21:00,,,,,,,,,,,,,,,,,,,,https://fuji-pool.jp/,,,
220001,AA0000000115,,\tg{[,P\tg{[WE,,,,,,220001,,xm{sR{2031,,xm{s,R{,2031,,35.265616,138.621401,K,2,(0544)58-6111,,,,,,7000020220001,,y,9:00,21:00,1E3E5jxB(AjA),,,,,,,,,,,,,,,,,,,https://www.pref.shizuoka.jp/kensei/shisetsu/sports/1008878.html,,,
220001,AA0000000116,,},`EIEgVJ,,,,,,220001,,sxJc53-1,,s,xJc,53-1,,34.992778,138.445833,K,3,(054)262-1242,,,,,,7000020220001,,y,9:00,19:00,xHP(https://www.tosyokan.pref.shizuoka.jp/)fB,,,,,,,,,,,,,,,,,,,https://www.tosyokan.pref.shizuoka.jp/,,,
220001,AA0000000117,,N,CdZCVElmCG,,,,,,220001,,sLn,,s,Ln,,,34.84341,138.332967,K,1,(054)624-4675,,,,,,7000020220001,,,,,VxvdbmFB,,,,,,,,,,,,,,,,,,,https://yaisei.jp/,,,
220001,AA0000000118,,RNR,Jm}VElV[mCG,,,,,,220001,,lskvR,,ls,kvR,,,34.890745,137.723531,K,2,(053)545-0111,,,,,,7000020220001,,,,,,,,,,,,,,,,,,,,,,,,http://kannonyama-shizuoka.jp/,,,
220001,AA0000000119,,Z^[,\ESELECNZ^[,,,,,,220001,,|sx456,,|s,x,456,,34.787111,137.970095,K,5,(0537)24-9700,,,,,,7000020220001,,y,9:00,17:00,p\`yjy245jB{`yj9:00`21:00gp\B,,,,,,,,,,,,,,,,,,,https://www.center.shizuoka-c.ed.jp/,,,
220001,AA0000000120,,cwZ,V_REgEKbRE,,,,,,220001,,cs@152,,cs,@,152,,34.698102,138.934661,K,5,(0558)22-3164,,,,,,7000020220001,,,,,,,,,,,,,,,,,,,,,,,,http://www.edu.pref.shizuoka.jp/shimoda-h/home.nsf/IndexFormView?OpenView,,,
220001,AA0000000121,,cwZZ,V_REgEKbRE~i~CYuRE,,,,,,220001,,S58,,S,,58,,34.657752,138.858773,K,3,(0558)62-0103,,,,,,7000020220001,,,,,,,,,,,,,,,,,,,,,,,,http://www.edu.pref.shizuoka.jp/minamiizu-b/home.nsf/IndexFormView?OpenView,,,
220001,AA0000000122,,wZ,}cULREgEKbRE,,,,,,220001,,Sc188,,S,c,188,,34.757418,138.788642,K,4,(0558)42-0131,,,,,,7000020220001,,,,,,,,,,,,,,,,,,,,,,,,http://www.edu.pref.shizuoka.jp/matsuzaki-h/home.nsf/IndexFormView?OpenView,,,
220001,AA0000000123,,wZ,CigREgEKbRE,,,,,,220001,,S3012-2,,S,,3012-2,,34.78123,139.048108,K,4,(0557)95-0175,,,,,,7000020220001,,,,,,,,,,,,,,,,,,,,,,,,http://www.edu.pref.shizuoka.jp/inatori-h/home.nsf/IndexFormView?OpenView,,,
220001,AA0000000124,,wZ,CgEREgEKbRE,,,,,,220001,,s1229-3,,s,,1229-3,,34.959279,139.102042,K,5,(0557)44-1111,,,,,,7000020220001,,,,,,,,,,,,,,,,,,,,,,,,http://www.edu.pref.shizuoka.jp/ito-h/home.nsf/IndexFormView?OpenView,,,
220001,AA0000000125,,wZZ,CgEREgEKbREWEKTLuRE,,,,,,220001,,s[1120,,s,[,1120,,34.886215,139.114699,K,3,(0557)54-1914,,,,,,7000020220001,,,,,,,,,,,,,,,,,,,,,,,,http://www.edu.pref.shizuoka.jp/jogasaki-b/home.nsf/IndexFormView?OpenView,,,
220001,AA0000000126,,wZ,CgEVEMEREgEKbRE,,,,,,220001,,sgc{748-1,,s,gc{,748-1,,34.944686,139.116987,K,2,(0557)48-7072,,,,,,7000020220001,,,,,,,,,,,,,,,,,,,,,,,,http://www.edu.pref.shizuoka.jp/ito-ch/home.nsf/IndexFormView?OpenView,,,
220001,AA0000000127,,MCwZ,A^~REgEKbRE,,,,,,220001,,MCsR1484-22,,MCs,R,1484-22,,35.053553,139.065038,K,3,(0557)68-3291,,,,,,7000020220001,,,,,,,,,,,,,,,,,,,,,,,,http://www.edu.pref.shizuoka.jp/atami-h/home.nsf/IndexFormView?OpenView,,,
220001,AA0000000128,,wZyZ,CY\ESEREgEKbREgCuRE,,,,,,220001,,sy870-1,,s,y,870-1,,34.908143,138.797101,K,5,(0558)98-0211,,,,,,7000020220001,,,,,,,,,,,,,,,,,,,,,,,,http://www.edu.pref.shizuoka.jp/toi-b/home.nsf/IndexFormView?OpenView,,,
220001,AA0000000129,,BRwZ,j}REgEKbRE,,,,,,220001,,sBRBR229,,s,BRBR,229,,35.055833,138.955278,K,2,(055)949-1009,,,,,,7000020220001,,,,,,,,,,,,,,,,,,,,,,,,http://www.edu.pref.shizuoka.jp/nirayama-h/home.nsf/IndexFormView?OpenView,,,
220001,AA0000000130,,wZ,CY`EIEREgEKbRE,,,,,,220001,,s970-1,,s,,970-1,,35.041908,138.937869,K,5,(055)949-4771,,,,,,7000020220001,,,,,,,,,,,,,,,,,,,,,,,,http://www.edu.pref.shizuoka.jp/izuchuo-h/home.nsf/IndexFormView?OpenView,,,
220001,AA0000000131,,c_wZ,^K^mEMEREgEKbRE,,,,,,220001,,cS{c961,,cS,{c,961,,35.080744,138.942305,K,4,(055)978-2265,,,,,,7000020220001,,,,,,,,,,,,,,,,,,,,,,,,http://www.edu.pref.shizuoka.jp/tagata-ah/home.nsf/IndexFormView?OpenView,,,
220001,AA0000000132,,OwZ,~V}~i~REgEKbRE,,,,,,220001,,Os608,,Os,,608,,35.09516,138.944972,K,3,(055)977-8333,,,,,,7000020220001,,,,,,,,,,,,,,,,,,,,,,,,http://www.edu.pref.shizuoka.jp/mishimaminami-h/home.nsf/IndexFormView?OpenView,,,
220001,AA0000000133,,OkwZ,~V}L^REgEKbRE,,,,,,220001,,Os1-3-18,,Os,,1-3-18,,35.74662,138.54472,K,5,(055)986-0107,,,,,,7000020220001,,,,,,,,,,,,,,,,,,,,,,,,http://www.edu.pref.shizuoka.jp/mishimakita-h/home.nsf/IndexFormView?OpenView,,,
220001,AA0000000134,,awZ,SeoREgEKbRE,,,,,,220001,,asa192-1,,as,a,192-1,,35.316781,138.940092,K,4,(0550)82-0111,,,,,,7000020220001,,,,,,,,,,,,,,,,,,,,,,,,http://www.edu.pref.shizuoka.jp/gotemba-h/home.nsf/IndexFormView?OpenView,,,
220001,AA0000000135,,awZ,Seo~i~REgEKbRE,,,,,,220001,,asV1450,,as,V,1450,,35.29437,138.937343,K,4,(0550)82-1272,,,,,,7000020220001,,,,,,,,,,,,,,,,,,,,,,,,http://www.edu.pref.shizuoka.jp/gotembaminami-h/home.nsf/IndexFormView?OpenView,,,
220001,AA0000000136,,wZ,X\mREgEKbRE,,,,,,220001,,s900-1,,s,,900-1,,35.179002,138.909202,K,3,(055)992-1125,,,,,,7000020220001,,,,,,,,,,,,,,,,,,,,,,,,http://www.edu.pref.shizuoka.jp/susono-h/home.nsf/IndexFormView?OpenView,,,
220001,AA0000000137,,wZ,k}dqKVREgEKbRE,,,,,,220001,,s{812,,s,{,812,,35.129344,138.866168,K,2,(055)921-0341,,,,,,7000020220001,,,,,,,,,,,,,,,,,,,,,,,,https://numazuhigashi-h.school/,,,
220001,AA0000000138,,wZ,k}djVREgEKbRE,,,,,,220001,,s{{1910-9,,s,{{,1910-9,,35.09582,138.847951,K,4,(055)962-0345,,,,,,7000020220001,,,,,,,,,,,,,,,,,,,,,,,,http://www.edu.pref.shizuoka.jp/numazunishi-h/home.nsf/IndexFormView?OpenView,,,
220001,AA0000000139,,kwZ,k}dWEzNREgEKbRE,,,,,,220001,,sF875,,s,F,875,,35.124952,138.876286,K,3,(055)921-0344,,,,,,7000020220001,,,,,,,,,,,,,,,,,,,,,,,,http://www.edu.pref.shizuoka.jp/numazujohoku-h/home.nsf/IndexFormView?OpenView,,,
220001,AA0000000140,,HwZ,k}dREMEREgEKbRE,,,,,,220001,,sd129-1,,s,d,129-1,,35.086973,138.877873,K,4,(055)931-0343,,,,,,7000020220001,,,,,,,,,,,,,,,,,,,,,,,,http://www.edu.pref.shizuoka.jp/numazu-th/home.nsf/IndexFormView?OpenView,,,
220001,AA0000000141,,wZ,k}dVEMEREgEKbRE,,,,,,220001,,xSq1205,,xS,q,1205,,35.084294,138.890576,K,2,(055)931-7080,,,,,,7000020220001,,,,,,,,,,,,,,,,,,,,,,,,http://www.edu.pref.shizuoka.jp/numazu-ch/home.nsf/IndexFormView?OpenView,,,
220001,AA0000000142,,gwZ,VREgEKbRE,,,,,,220001,,xms2160,,xms,,2160,,35.170853,138.687512,K,5,(0545)52-1440,,,,,,7000020220001,,,,,,,,,,,,,,,,,,,,,,,,http://www.edu.pref.shizuoka.jp/yoshiwara-h/home.nsf/IndexFormView?OpenView,,,
220001,AA0000000143,,gHwZ,VREMEREgEKbRE,,,,,,220001,,xms2300,,xms,,2300,,35.173407,138.71965,K,2,(0545)34-1045,,,,,,7000020220001,,,,,,,,,,,,,,,,,,,,,,,,http://www.edu.pref.shizuoka.jp/yoshiwara-th/home.nsf/IndexFormView?OpenView,,,
220001,AA0000000144,,xmwZ,tWREgEKbRE,,,,,,220001,,xms{17,,xms,{,17,,35.166718,138.652643,K,4,(0545)61-0100,,,,,,7000020220001,,,,,,,,,,,,,,,,,,,,,,,,http://www.edu.pref.shizuoka.jp/fuji-h/home.nsf/IndexFormView?OpenView,,,
220001,AA0000000145,,xmwZ,tWqKVREgEKbRE,,,,,,220001,,xmsm{2921,,xms,m{,2921,,35.180833,138.700783,K,3,(0545)21-4371,,,,,,7000020220001,,,,,,,,,,,,,,,,,,,,,,,,http://www.edu.pref.shizuoka.jp/fujihigashi-h/home.nsf/IndexFormView?OpenView,,,
220001,AA0000000146,,xm{wZ,tWm~qKVREgEKbRE,,,,,,220001,,xm{s1234,,xm{s,,1234,,35.225696,138.629088,K,4,(0544)26-4177,,,,,,7000020220001,,,,,,,,,,,,,,,,,,,,,,,,http://www.edu.pref.shizuoka.jp/fujinomiyahigashi-h/home.nsf/IndexFormView?OpenView,,,
220001,AA0000000147,,xm{kwZ,tWm~L^REgEKbRE,,,,,,220001,,xm{s{k230,,xm{s,{k,230,,35.237562,138.611498,K,2,(0544)27-2533,,,,,,7000020220001,,,,,,,,,,,,,,,,,,,,,,,,http://www.edu.pref.shizuoka.jp/fujinomiyakita-h/home.nsf/IndexFormView?OpenView,,,
220001,AA0000000148,,xm{wZ,tWm~jVREgEKbRE,,,,,,220001,,xm{st1550,,xm{s,t,1550,,35.24621,138.606305,K,3,(0544)23-1124,,,,,,7000020220001,,,,,,,,,,,,,,,,,,,,,,,,http://www.edu.pref.shizuoka.jp/fujinomiyanishi-h/home.nsf/IndexFormView?OpenView,,,
220001,AA0000000149,,xxwZ,tKNJREgEKbRE,,,,,,220001,,xm{s|732,,xm{s,|,732,,35.131638,138.372896,K,1,(0544)27-3205,,,,,,7000020220001,,,,,,,,,,,,,,,,,,,,,,,,http://www.fugakukan-h.sakura.ne.jp/,,,
220001,AA0000000150,,wZ,V~YqKVREgEKbRE,,,,,,220001,,sHg5-10,,s,Hg,5-10,,35.029572,138.480056,K,4,(054)366-7030,,,,,,7000020220001,,,,,,,,,,,,,,,,,,,,,,,,http://www.edu.pref.shizuoka.jp/shimizuhigashi-h/home.nsf/IndexFormView?OpenView,,,
220001,AA0000000151,,wZ,V~YjVREgEKbRE,,,,,,220001,,st5-1,,s,t,5-1,,35.007969,138.475226,K,3,(054)352-2225,,,,,,7000020220001,,,,,,,,,,,,,,,,,,,,,,,,https://shimizunishi.online/,,,
220001,AA0000000152,,wZ,V~Y~i~REgEKbRE,,,,,,220001,,s3-2-1,,s,,3-2-1,,34.983711,138.510867,K,3,(054)334-0431,,,,,,7000020220001,,,,,,,,,,,,,,,,,,,,,,,,http://www.shimizuminami.ed.jp/,,,
220001,AA0000000153,,Z^[,}C]EuJUCZ^[,,,,,,220001,,s5300-5,,s,,5300-5,,35.118036,138.625837,K,3,(054)385-5500,,,,,,7000020220001,,,9:30,16:30,3yjJB,,,,,,,,,,,,,,,,,,,https://www.smaibun.jp/,,,
220001,AA0000000154,,wZ,VYIJREgEKbRE,,,,,,220001,,sJ66,,s,J,66,,34.985746,138.380753,K,1,(054)245-0567,,,,,,7000020220001,,,,,,,,,,,,,,,,,,,,,,,,https://www.shizuoka-h.ed.jp/,,,
220001,AA0000000155,,kwZ,VYIJWEzNREgEKbRE,,,,,,220001,,sk2-3-1,,s,k,2-3-1,,34.995656,138.384819,K,4,(054)245-5466,,,,,,7000020220001,,,,,,,,,,,,,,,,,,,,,,,,http://www.edu.pref.shizuoka.jp/shizuokajohoku-h/home.nsf/IndexFormView?OpenView,,,
220001,AA0000000156,,wZ,VYIJqKVREgEKbRE,,,,,,220001,,s3-24-1,,s,,3-24-1,,35.009603,138.412939,K,4,(054)261-6636,,,,,,7000020220001,,,,,,,,,,,,,,,,,,,,,,,,https://www.shizuoka-east.jp/,,,
220001,AA0000000157,,wZ,VYIJjVREgEKbRE,,,,,,220001,,sqPJ680-1,,s,qPJ,680-1,,34.97141,138.350627,K,5,(054)278-2721,,,,,,7000020220001,,,,,,,,,,,,,,,,,,,,,,,,http://www.edu.pref.shizuoka.jp/shizuokanishi-h/home.nsf/IndexFormView?OpenView,,,
220001,AA0000000158,,_wZ,VYIJmEMEREgEKbRE,,,,,,220001,,s3-1-1,,s,,3-1-1,,34.994373,138.416448,K,2,(054)261-0111,,,,,,7000020220001,,,,,,,,,,,,,,,,,,,,,,,,http://www.edu.pref.shizuoka.jp/shizuoka-ah/home.nsf/IndexFormView?OpenView,,,
220001,AA0000000159,,wZ,VYIJVEMEREgEKbRE,,,,,,220001,,sc7-90,,s,c,7-90,,34.965113,138.367589,K,2,(054)255-6241,,,,,,7000020220001,,,,,,,,,,,,,,,,,,,,,,,,http://www.seisho.ed.jp/,,,
220001,AA0000000160,,wZ,Cd`EIEREgEKbRE,,,,,,220001,,sy157-1,,s,y,157-1,,34.867233,138.289963,K,4,(054)628-6000,,,,,,7000020220001,,,,,,,,,,,,,,,,,,,,,,,,http://www.edu.pref.shizuoka.jp/yaizuchuo-h/home.nsf/IndexFormView?OpenView,,,
220001,AA0000000161,,YwZ,CdXCTREgEKbRE,,,,,,220001,,s5-5-2,,s,,5-5-2,,34.860242,138.318316,K,5,(054)628-6148,,,,,,7000020220001,,,,,,,,,,,,,,,,,,,,,,,,http://www.edu.pref.shizuoka.jp/yaizusuisan-h/home.nsf/IndexFormView?OpenView,,,
220001,AA0000000162,,}wZ,tWG_qKVREgEKbRE,,,,,,220001,,}sV1-7-1,,}s,V,1-7-1,,34.877006,138.261395,K,4,(054)641-1680,,,,,,7000020220001,,,,,,,,,,,,,,,,,,,,,,,,http://www.edu.pref.shizuoka.jp/fujiedahigashi-h/home.nsf/IndexFormView?OpenView,,,
220001,AA0000000163,,}wZ,tWG_jVREgEKbRE,,,,,,220001,,}s2-4-6,,}s,,2-4-6,,34.52013,138.1617,K,4,(054)641-0207,,,,,,7000020220001,,,,,,,,,,,,,,,,,,,,,,,,http://www.edu.pref.shizuoka.jp/fujiedanishi-h/home.nsf/IndexFormView?OpenView,,,
220001,AA0000000164,,}kwZ,tWG_L^REgEKbRE,,,,,,220001,,}sSc932-1O,,}s,Sc,932-1O,,34.875943,138.270999,K,4,(054)641-2400,,,,,,7000020220001,,,,,,,,,,,,,,,,,,,,,,,,http://www.edu.pref.shizuoka.jp/fujiedakita-h/home.nsf/IndexFormView?OpenView,,,
220001,AA0000000165,,cwZ,V}_REgEKbRE,,,,,,220001,,cs1-7-1,,cs,,1-7-1,,34.83764,138.149439,K,1,(0547)37-2188,,,,,,7000020220001,,,,,,,,,,,,,,,,,,,,,,,,http://www.edu.pref.shizuoka.jp/shimada-h/home.nsf/IndexFormView?OpenView,,,
220001,AA0000000166,,cHwZ,V}_REMEREgEKbRE,,,,,,220001,,csmPJ201,,cs,mPJ,201,,34.839027,138.201957,K,2,(0547)37-4194,,,,,,7000020220001,,,,,,,,,,,,,,,,,,,,,,,,http://www.edu.pref.shizuoka.jp/shimada-th/home.nsf/IndexFormView?OpenView,,,
220001,AA0000000167,,cwZ,V}_VEMEREgEKbRE,,,,,,220001,,cs_8707,,cs,_,8707,,34.834686,138.183653,K,4,(0547)37-4167,,,,,,7000020220001,,,,,,,,,,,,,,,,,,,,,,,,http://www.edu.pref.shizuoka.jp/shimada-ch/home.nsf/IndexFormView?OpenView,,,
220001,AA0000000168,,JwZ,JiREgEKbRE,,,,,,220001,,csJ35,,cs,J,35,,34.826645,138.126748,K,3,(0547)45-4155,,,,,,7000020220001,,,,,,,,,,,,,,,,,,,,,,,,http://www.edu.pref.shizuoka.jp/kanaya-h/home.nsf/IndexFormView?OpenView,,,
220001,AA0000000169,,wZ,JlREgEKbRE,,,,,,220001,,YS{Rc1644-1,,YS{,Rc,1644-1,,35.075325,138.114341,K,3,(0547)57-2221,,,,,,7000020220001,,,,,,,,,,,,,,,,,,,,,,,,http://www.edu.pref.shizuoka.jp/kawane-h/home.nsf/IndexFormView?OpenView,,,
220001,AA0000000170,,gcxwZ,V_gNxcVGKbRE,,,,,,220001,,YSgc2130,,YSgc,,2130,,34.776962,138.252591,K,5,(0548)23-9871,,,,,,7000020220001,,,,,,,,,,,,,,,,,,,,,,,,http://www.edu.pref.shizuoka.jp/yoshida-sh/home.nsf/IndexFormView?OpenView,,,
220001,AA0000000171,,YwZ,nCoREgEKbRE,,,,,,220001,,qVsg850,,qVs,g,850,,34.739452,138.223007,K,2,(0548)22-0380,,,,,,7000020220001,,,,,,,,,,,,,,,,,,,,,,,,http://www.edu.pref.shizuoka.jp/haibara-h/home.nsf/IndexFormView?OpenView,,,
220001,AA0000000172,,wZ,TKREgEKbRE,,,,,,220001,,qVsg1700-3,,qVs,g,1700-3,,34.685108,138.196257,K,3,(0548)52-1133,,,,,,7000020220001,,,,,,,,,,,,,,,,,,,,,,,,http://www.edu.pref.shizuoka.jp/sagara-h/home.nsf/IndexFormView?OpenView,,,
220001,AA0000000173,,|wZ,JPKqKVREgEKbRE,,,,,,220001,,|s1357,,|s,,1357,,34.759498,138.005129,K,3,(0537)22-3155,,,,,,7000020220001,,,,,,,,,,,,,,,,,,,,,,,,https://kakegawahigashi-h.ed.jp/,,,
220001,AA0000000174,,|wZ,JPKjVREgEKbRE,,,,,,220001,,|s1-1-6,,|s,,1-1-6,,34.7752,138.012793,K,4,(0537)22-7165,,,,,,7000020220001,,,,,,,,,,,,,,,,,,,,,,,,http://www.edu.pref.shizuoka.jp/kakegawanishi-h/home.nsf/IndexFormView?OpenView,,,
220001,AA0000000175,,|HwZ,JPKREMEREgEKbRE,,,,,,220001,,|s15-1,,|s,,15-1,,34.770005,138.029113,K,4,(0537)22-7255,,,,,,7000020220001,,,,,,,,,,,,,,,,,,,,,,,,http://www.edu.pref.shizuoka.jp/kakegawa-th/home.nsf/IndexFormView?OpenView,,,
220001,AA0000000176,,}wZ,IKTREgEKbRE,,,,,,220001,,esn1222-3,,es,n,1222-3,,34.733631,138.094486,K,3,(0537)35-3181,,,,,,7000020220001,,,,,,,,,,,,,,,,,,,,,,,,http://www.edu.pref.shizuoka.jp/ogasa-h/home.nsf/IndexFormView?OpenView,,,
220001,AA0000000177,,rVcwZ,CPVfREgEKbRE,,,,,,220001,,OsrVc2907-1,,Os,rVc,2907-1,,34.651003,138.128036,K,4,(0537)86-2460,,,,,,7000020220001,,,,,,,,,,,,,,,,,,,,,,,,http://www.edu.pref.shizuoka.jp/ikeshinden-h/home.nsf/IndexFormView?OpenView,,,
220001,AA0000000178,,{wZ,RXJREgEKbRE,,,,,,220001,,|s{1491-1,,|s,{,1491-1,,34.682602,137.982123,K,4,(0537)48-3421,,,,,,7000020220001,,,,,,,,,,,,,,,,,,,,,,,,http://www.edu.pref.shizuoka.jp/yokosuka-h/home.nsf/IndexFormView?OpenView,,,
220001,AA0000000179,,]wZ,gIgE~\ESEREgEKbRE,,,,,,220001,,qSXX2085,,qSX,X,2085,,34.835254,137.924917,K,3,(0538)85-6000,,,,,,7000020220001,,,,,,,,,,,,,,,,,,,,,,,,http://www.edu.pref.shizuoka.jp/totomisogo-h/home.nsf/IndexFormView?OpenView,,,
220001,AA0000000180,,VwZtZ,eEREgEKbREnmREV,,,,,,220001,,lsVtxV284,,ls,VtxV,284,,34.95869,137.888675,K,4,(053)985-0306,,,,,,7000020220001,,,,,,,,,,,,,,,,,,,,,,,,http://www.edu.pref.shizuoka.jp/haruno-b/home.nsf/IndexFormView?OpenView,,,
220001,AA0000000181,,wZ,tNCREgEKbRE,,,,,,220001,,s2446-1,,s,,2446-1,,34.7412,137.944736,K,3,(0538)42-0191,,,,,,7000020220001,,,,,,,,,,,,,,,,,,,,,,,,http://www.edu.pref.shizuoka.jp/fukuroi-h/home.nsf/IndexFormView?OpenView,,,
220001,AA0000000182,,wZ,tNCVEMEREgEKbRE,,,,,,220001,,sv\2350-1,,s,v\,2350-1,,34.766638,137.91599,K,4,(0538)42-2285,,,,,,7000020220001,,,,,,,,,,,,,,,,,,,,,,,,http://www.edu.pref.shizuoka.jp/fukuroi-ch/home.nsf/IndexFormView?OpenView,,,
220001,AA0000000183,,wZn,t^}^REgEKbREAg`,,,,,,220001,,lsV196-2,,ls,V,196-2,,34.865673,137.817593,K,4,(053)925-3139,,,,,,7000020220001,,,,,,,,,,,,,,,,,,,,,,,,http://www.edu.pref.shizuoka.jp/tenryu-h/home.nsf/IndexFormView?OpenView,,,
220001,AA0000000184,,VwZ,eEREgEKbRE,,,,,,220001,,lsV601,,ls,V,601,,34.86992,137.812869,K,2,(053)925-3139,,,,,,7000020220001,,,,,,,,,,,,,,,,,,,,,,,,http://www.edu.pref.shizuoka.jp/tenryu-h/home.nsf/IndexFormView?OpenView,,,
220001,AA0000000185,,lkwZvZ,n}}cRzNREgEKbRETN}uRE,,,,,,220001,,lsVv683-1,,ls,Vv,683-1,,35.079302,137.795795,K,1,(053)965-0065,,,,,,7000020220001,,,,,,,,,,,,,,,,,,,,,,,,http://www.edu.pref.shizuoka.jp/sakuma-b/home.nsf/IndexFormView?OpenView,,,
220001,AA0000000186,,cwZ,C^~i~REgEKbRE,,,,,,220001,,cst3084,,cs,t,3084,,34.720875,137.851178,K,2,(0538)32-7286,,,,,,7000020220001,,,,,,,,,,,,,,,,,,,,,,,,http://www.edu.pref.shizuoka.jp/iwataminami-h/home.nsf/IndexFormView?OpenView,,,
220001,AA0000000187,,ckwZ,C^L^REgEKbRE,,,,,,220001,,cst2031-2O40M,,cs,t,2031-2O40M,,34.732522,137.85615,K,2,(0538)32-2181,,,,,,7000020220001,,,,,,,,,,,,,,,,,,,,,,,,http://www.edu.pref.shizuoka.jp/iwatakita-h/home.nsf/IndexFormView?OpenView,,,
220001,AA0000000188,,c_wZ,C^mEMEREgEKbRE,,,,,,220001,,cs168,,cs,,168,,34.715759,137.853742,K,1,(0538)32-2161,,,,,,7000020220001,,,,,,,,,,,,,,,,,,,,,,,,http://www.edu.pref.shizuoka.jp/iwata-ah/home.nsf/IndexFormView?OpenView,,,
220001,AA0000000189,,cwZ,C^jVREgEKbRE,,,,,,220001,,cs2680-1,,cs,,2680-1,,34.71813,137.841522,K,4,(0538)34-5217,,,,,,7000020220001,,,,,,,,,,,,,,,,,,,,,,,,http://www.edu.pref.shizuoka.jp/iwatanishi-h/home.nsf/IndexFormView?OpenView,,,
220001,AA0000000190,,lkwZ,n}}cL^REgEKbRE,,,,,,220001,,lsL1-30-1,,ls,L,1-30-1,,34.718276,137.717471,K,2,(053)454-5567,,,,,,7000020220001,,,,,,,,,,,,,,,,,,,,,,,,http://www.edu.pref.shizuoka.jp/hamamatsukita-h/home.nsf/IndexFormView?OpenView,,,
220001,AA0000000191,,lwZ,n}}cjVREgEKbRE,,,,,,220001,,ls3-1,,ls,,3-1,,34.701357,137.709787,K,3,(053)454-4471,,,,,,7000020220001,,,,,,,,,,,,,,,,,,,,,,,,http://www.edu.pref.shizuoka.jp/hamamatsunishi-h/home.nsf/IndexFormView?OpenView,,,
220001,AA0000000192,,lwZ,n}}c~i~REgEKbRE,,,,,,220001,,ls961,,ls,,961,,34.677564,137.717644,K,4,(053)441-1486,,,,,,7000020220001,,,,,,,,,,,,,,,,,,,,,,,,http://www.edu.pref.shizuoka.jp/hamamatsuminami-h/home.nsf/IndexFormView?OpenView,,,
220001,AA0000000193,,lwZ,n}}cRgEREgEKbRE,,,,,,220001,,lsl3600,,ls,l,3600,,34.73273,137.660853,K,5,(053)485-0215,,,,,,7000020220001,,,,,,,,,,,,,,,,,,,,,,,,http://www.edu.pref.shizuoka.jp/hamamatsukoto-h/home.nsf/IndexFormView?OpenView,,,
220001,AA0000000194,,lwZ,n}}cqKVREgEKbRE,,,,,,220001,,ls}Vc1442,,ls,}Vc,1442,,34.755808,137.783178,K,4,(053)434-4401,,,,,,7000020220001,,,,,,,,,,,,,,,,,,,,,,,,http://www.edu.pref.shizuoka.jp/hamamatsuhigashi-h/home.nsf/IndexFormView?OpenView,,,
220001,AA0000000195,,lHwZ,n}}cREMEREgEKbRE,,,,,,220001,,lsk1150,,ls,k,1150,,34.462286,137.434877,K,4,(053)436-1101,,,,,,7000020220001,,,,,,,,,,,,,,,,,,,,,,,,https://www.hamako-ths.ed.jp/,,,
220001,AA0000000196,,lkHwZ,n}}cWEzNREMEREgEKbRE,,,,,,220001,,lsZg5-16-1,,ls,Zg,5-16-1,,34.736182,137.727431,K,4,(053)471-8341,,,,,,7000020220001,,,,,,,,,,,,,,,,,,,,,,,,http://www.edu.pref.shizuoka.jp/hamamatsujohoku-th/home.nsf/IndexFormView?OpenView,,,
220001,AA0000000197,,lwZ,n}}cVEMEREgEKbRE,,,,,,220001,,lsu4-11,,ls,u,4-11,,34.72433,137.712288,K,3,(053)471-3351,,,,,,7000020220001,,,,,,,,,,,,,,,,,,,,,,,,http://www.edu.pref.shizuoka.jp/hamamatsu-ch/home.nsf/IndexFormView?OpenView,,,
220001,AA0000000198,,lwZ,n}iREgEKbRE,,,,,,220001,,lslkd2939-1,,ls,lkd,2939-1,,34.805794,137.795801,K,2,(053)586-3155,,,,,,7000020220001,,,,,,,,,,,,,,,,,,,,,,,,http://www.edu.pref.shizuoka.jp/hamana-h1/home.nsf/IndexFormView?OpenView,,,
220001,AA0000000199,,lkwZ,n}L^jVREgEKbRE,,,,,,220001,,lslkV4175-1,,ls,lkV,4175-1,,34.808384,137.765025,K,5,(053)587-1135,,,,,,7000020220001,,,,,,,,,,,,,,,,,,,,,,,,http://www.edu.pref.shizuoka.jp/hamakitanishi-h/home.nsf/IndexFormView?OpenView,,,
220001,AA0000000200,,VwZ,ACREgEKbRE,,,,,,220001,,sVR2036,,s,VR,2036,,34.690319,137.570581,K,1,(053)594-1515,,,,,,7000020220001,,,,,,,,,,,,,,,,,,,,,,,,http://www.edu.pref.shizuoka.jp/arai-h/home.nsf/IndexFormView?OpenView,,,
220001,AA0000000201,,wZ,RTCREgEKbRE,,,,,,220001,,sh1510-2,,s,h,1510-2,,34.722034,137.549139,K,5,(053)575-0511,,,,,,7000020220001,,,,,,,,,,,,,,,,,,,,,,,,http://www.edu.pref.shizuoka.jp/kosai-h/home.nsf/IndexFormView?OpenView,,,
220001,AA0000000202,,lkwZ,n}}cRzNREgEKbRE,,,,,,220001,,lskw1428,,ls,kw,1428,,34.81832,137.678127,K,2,(053)542-0016,,,,,,7000020220001,,,,,,,,,,,,,,,,,,,,,,,,http://www.edu.pref.shizuoka.jp/kohoku-h/home.nsf/IndexFormView?OpenView,,,
220001,AA0000000203,,xwZ,ZCugNxcVGKbRE,,,,,,220001,,lsk597-1,,ls,k,597-1,,34.790345,137.686168,K,1,(053)436-1370,,,,,,7000020220001,,,,,,,,,,,,,,,,,,,,,,,,http://www.edu.pref.shizuoka.jp/seibu-sh/home.nsf/IndexFormView?OpenView,,,
220001,AA0000000204,,lxwZ,n}}c~cNVgNxcVGKbRE,,,,,,220001,,lsk]L1,,ls,k]L,1,,34.812903,137.663509,K,5,(053)424-5890,,,,,,7000020220001,,,,,,,,,,,,,,,,,,,,,,,,http://www.edu.pref.shizuoka.jp/hamamatsumiwotsukushi-sh/home.nsf/IndexFormView?OpenView,,,
220001,AA0000000205,,nj~[WA,tWmNj`LEJLEV~[WA,,,,,,220001,,sxJ5762,,s,xJ,5762,,34.958808,138.436619,K,3,(054)260-7111 ,,,,,,7000020220001,,y,10:00,17:30,jjxB,,,,,,,,,,,,,,,,,,,https://www.fujimu100.jp/,,,
220001,AA0000000206,,lwZ,n}}cRiREgEKbRE,,,,,,220001,,lsnS3791-1,,ls,nS,3791-1,,34.692095,137.626805,K,2,(053)441-1486,,,,,,7000020220001,,,,,,,,,,,,,,,,,,,,,,,,http://www.edu.pref.shizuoka.jp/hamamatsukonan-h/home.nsf/IndexFormView?OpenView,,,
220001,AA0000000207,,wZ,ZCEJREgEKbRE,,,,,,220001,,sVc292-1,,s,Vc,292-1,,34.821114,138.275042,K,3,(054)622-3411,,,,,,7000020220001,,,,,,,,,,,,,,,,,,,,,,,,http://www.edu.pref.shizuoka.jp/seiryukan-h/home.nsf/IndexFormView?OpenView,,,
220001,AA0000000208,,l]VwZ,n}}cGmV}REgEKbRE,,,,,,220001,,ls]V630-1,,ls,]V,630-1,,34.665653,137.753716,K,3,(053)425-6020,,,,,,7000020220001,,,,,,,,,,,,,,,,,,,,,,,,http://www.edu.pref.shizuoka.jp/hamamatsuenoshima-h/home.nsf/IndexFormView?OpenView,,,
220001,AA0000000209,,RwZ,I}REgEKbRE,,,,,,220001,,xSR|V369,,xSR,|V,369,,35.328764,138.975855,K,3,(0550)76-1188,,,,,,7000020220001,,,,,,,,,,,,,,,,,,,,,,,,http://www.edu.pref.shizuoka.jp/oyama-h/home.nsf/IndexFormView?OpenView,,,
220001,AA0000000210,,wZ,VYIJ`EIEREgEKbRE,,,,,,220001,,sk2-29-1,,s,k,2-29-1,,35.005381,138.392962,K,5,(054)209-2431,,,,,,7000020220001,,,,,,,,,,,,,,,,,,,,,,,,http://www.edu.pref.shizuoka.jp/shizuokachuo-h2/home.nsf/IndexFormView?OpenView,,,
220001,AA0000000211,,lwZ,n}}cIIq_CREgEKbRE,,,,,,220001,,ls4-25-1,,ls,,4-25-1,,34.710463,137.67471,K,4,(053)482-1011,,,,,,7000020220001,,,,,,,,,,,,,,,,,,,,,,,,http://www.edu.pref.shizuoka.jp/hamamatsuohiradai-h/home.nsf/IndexFormView?OpenView,,,
220001,AA0000000212,,wZpwZ,JKNMWcREgEKbRE,,,,,,220001,,s500-1,,s,,500-1,,34.988203,138.410783,K,5,(054)267-1100,,,,,,7000020220001,,,,,,,,,,,,,,,,,,,,,,,,https://www.sths.ed.jp/ws/,,,
220001,AA0000000213,,OwZ,~V}`EEREgEKbRE,,,,,,220001,,Os1-3-93,,Os,,1-3-93,,35.128694,138.911628,K,7,(055)986-2000,,,,,,7000020220001,,,,,,,,,,,,,,,,,,,,,,,,http://www.edu.pref.shizuoka.jp/mishimachoryo-h/home.nsf/IndexFormView?OpenView,,,
220001,AA0000000214,,wZ,CY\ESEREgEKbRE,,,,,,220001,,sqV892,,s,qV,892,,34.585606,138.572473,K,1,(0558)72-3322,,,,,,7000020220001,,,,,,,,,,,,,,,,,,,,,,,,http://www.edu.pref.shizuoka.jp/izusogo-h/home.nsf/IndexFormView?OpenView,,,
220001,AA0000000215,,oxwZ,k}dVJNgNxcVGKbRE,,,,,,220001,,sR6-20,,s,R,6-20,,35.106235,138.862445,K,2,(055)921-2099,,,,,,7000020220001,,,,,,,,,,,,,,,,,,,,,,,,http://www.edu.pref.shizuoka.jp/numazu-sb/home.nsf/IndexFormView?OpenView,,,
220001,AA0000000216,,oxwZ,VYIJVJNgNxcVGKbRE,,,,,,220001,,sx6-1-5,,s,x,6-1-5,,34.979873,138.408615,K,3,(054)283-7300,,,,,,7000020220001,,,,,,,,,,,,,,,,,,,,,,,,http://www.edu.pref.shizuoka.jp/shizuoka-sb/home.nsf/IndexFormView?OpenView,,,
220001,AA0000000217,,loxwZ,n}}cVJNgNxcVGKbRE,,,,,,220001,,ls5-9-1,,ls,,5-9-1,,34.77582,137.70353,K,3,(053)436-1261,,,,,,7000020220001,,,,,,,,,,,,,,,,,,,,,,,,http://www.edu.pref.shizuoka.jp/hamamatsu-sb/home.nsf/IndexFormView?OpenView,,,
220001,AA0000000218,,oxwZ,k}d`EJNgNxcVGKbRE,,,,,,220001,,s4-1,,s,,4-1,,35.111104,138.86373,K,3,(055)921-3398,,,,,,7000020220001,,,,,,,,,,,,,,,,,,,,,,,,http://www.edu.pref.shizuoka.jp/numazu-sd/home.nsf/IndexFormView?OpenView,,,
220001,AA0000000219,,oxwZ,VYIJ`EJNgNxcVGKbRE,,,,,,220001,,sx251,,s,x,251,,34.951077,138.392181,K,2,(054)283-6441,,,,,,7000020220001,,,,,,,,,,,,,,,,,,,,,,,,http://www.edu.pref.shizuoka.jp/shizuoka-sd/home.nsf/IndexFormView?OpenView,,,
220001,AA0000000220,,loxwZ,n}}c`EJNgNxcVGKbRE,,,,,,220001,,lsK3-25-1,,ls,K,3-25-1,,34.743109,137.732307,K,3,(053)471-8197,,,,,,7000020220001,,,,,,,,,,,,,,,,,,,,,,,,http://www.edu.pref.shizuoka.jp/hamamatsu-sd/home.nsf/IndexFormView?OpenView,,,
220001,AA0000000221,,xwZ,k}dgNxcVGKbRE,,,,,,220001,,s823-1,,s,,823-1,,35.128189,138.809967,K,3,(055)966-0980,,,,,,7000020220001,,,,,,,,,,,,,,,,,,,,,,,,http://www.edu.pref.shizuoka.jp/numazu-sh/home.nsf/IndexFormView?OpenView,,,
220001,AA0000000222,,kxwZ,VYIJL^gNxcVGKbRE,,,,,,220001,,sR796,,s,R,796,,35.020969,138.398917,K,2,(054)245-8191,,,,,,7000020220001,,,,,,,,,,,,,,,,,,,,,,,,http://www.edu.pref.shizuoka.jp/shizuokakita-sh/home.nsf/IndexFormView?OpenView,,,
220001,AA0000000223,,lxwZ,n}}cgNxcVGKbRE,,,,,,220001,,ls]V1266-2,,ls,]V,1266-2,,34.66297,137.75465,K,3,(053)425-7461,,,,,,7000020220001,,,,,,,,,,,,,,,,,,,,,,,,http://www.edu.pref.shizuoka.jp/hamamatsu-sh/home.nsf/IndexFormView?OpenView,,,
220001,AA0000000224,,lxwZcZ,n}}cgNxcVGKbREC^uRE,,,,,,220001,,csL3577-1,,cs,L,3577-1,,34.731412,137.875897,K,2,(0538)34-6117,,,,,,7000020220001,,,,,,,,,,,,,,,,,,,,,,,,http://www.edu.pref.shizuoka.jp/iwata-b/home.nsf/IndexFormView?OpenView,,,
220001,AA0000000225,,lxwZkZ,n}}cgNxcVGKbREWEzNuRE,,,,,,220001,,lsZg5-16-1,,ls,Zg,5-16-1,,34.737085,137.726879,K,2,(053)415-9061,,,,,,7000020220001,,,,,,,,,,,,,,,,,,,,,,,,http://www.edu.pref.shizuoka.jp/johoku-b/home.nsf/IndexFormView?OpenView,,,
220001,AA0000000226,,xwZ,CYmNjgNxcVGKbRE,,,,,,220001,,sBc235,,s,Bc,235,,35.048396,138.94414,K,4,(055)949-0001,,,,,,7000020220001,,,,,,,,,,,,,,,,,,,,,,,,http://www.edu.pref.shizuoka.jp/izunokuni-sh/home.nsf/IndexFormView?OpenView,,,
220001,AA0000000227,,xwZZ,gEugNxcVGKbRECYREQuRE,,,,,,220001,,s^1120,,s,^,1120,,34.886194,139.114861,K,3,(0557)44-0077,,,,,,7000020220001,,,,,,,,,,,,,,,,,,,,,,,,http://www.edu.pref.shizuoka.jp/izukogen-b/home.nsf/IndexFormView?OpenView,,,
220001,AA0000000228,,xwZ,`EIEgNxcVGKbRE,,,,,,220001,,sR777,,s,R,777,,35.021103,138.396723,K,2,(054)246-5504,,,,,,7000020220001,,,,,,,,,,,,,,,,,,,,,,,,http://www.edu.pref.shizuoka.jp/chuo-sh/home.nsf/IndexFormView?OpenView,,,
220001,AA0000000229,,xwZ,VYIJiugNxcVGKbRE,,,,,,220001,,sx5-3-30,,s,x,5-3-30,,34.976737,138.412039,K,3,(054)285-1633,,,,,,7000020220001,,,,,,,,,,,,,,,,,,,,,,,,http://www.edu.pref.shizuoka.jp/shizuokanambu-sh/home.nsf/IndexFormView?OpenView,,,
220001,AA0000000230,,VxwZ,eEgNxcVGKbRE,,,,,,220001,,lsVnP201-2,,ls,VnP,201-2,,34.857448,137.798324,K,2,(053)926-2255,,,,,,7000020220001,,,,,,,,,,,,,,,,,,,,,,,,http://www.edu.pref.shizuoka.jp/tenryu-sh/home.nsf/IndexFormView?OpenView,,,
220001,AA0000000231,,}xwZ,tWG_gNxcVGKbRE,,,,,,220001,,}sOVcO2281-1,,}s,OVcO,2281-1,,34.501104,138.145318,K,3,(054)636-1891,,,,,,7000020220001,,,,,,,,,,,,,,,,,,,,,,,,http://www.edu.pref.shizuoka.jp/fujieda-sh/home.nsf/IndexFormView?OpenView,,,
220001,AA0000000232,,gcxwZx,V_gNxcVGKbREXGuLEVc,,,,,,220001,,csp112,,cs,p,112,,34.898551,138.088921,K,2,(0547)46-4386,,,,,,7000020220001,,,,,,,,,,,,,,,,,,,,,,,,http://www.edu.pref.shizuoka.jp/sunen-bk/home.nsf/IndexFormView?OpenView,,,
220001,AA0000000233,,xmxwZ,tWgNxcVGKbRE,,,,,,220001,,xms3773-1,,xms,,3773-1,,35.21527,138.671944,K,2,(0545)36-2345,,,,,,7000020220001,,,,,,,,,,,,,,,,,,,,,,,,http://www.edu.pref.shizuoka.jp/fuji-sh/home.nsf/IndexFormView?OpenView,,,
220001,AA0000000234,,xmxwZxm{Z,tWgNxcVGKbREtWm~uRE,,,,,,220001,,xm{s{k233,,xm{s,{k,233,,35.236537,138.609867,K,2,(0544)29-7234,,,,,,7000020220001,,,,,,,,,,,,,,,,,,,,,,,,http://www.edu.pref.shizuoka.jp/fujinomiya-b/home.nsf/IndexFormView?OpenView,,,
220001,AA0000000235,,xwZ,tNCgNxcVGKbRE,,,,,,220001,,s2753-1,,s,,2753-1,,34.732452,137.930957,K,2,(0538)43-6611,,,,,,7000020220001,,,,,,,,,,,,,,,,,,,,,,,,http://www.edu.pref.shizuoka.jp/fukuroi-sh/home.nsf/IndexFormView?OpenView,,,
220001,AA0000000236,,xwZctZ,tNCgNxcVGKbREC^~cPuRE,,,,,,220001,,cst2031-2,,cs,t,2031-2,,34.73163,137.855236,K,1,(0538)39-1800,,,,,,7000020220001,,,,,,,,,,,,,,,,,,,,,,,,http://www.edu.pref.shizuoka.jp/iwatamitsuke-b/home.nsf/IndexFormView?OpenView,,,
220001,AA0000000237,,lxwZ,n}igNxcVGKbRE,,,,,,220001,,sVl1855-71,,s,Vl,1855-71,,34.411158,137.322198,K,5,(053)594-5658,,,,,,7000020220001,,,,,,,,,,,,,,,,,,,,,,,,http://www.edu.pref.shizuoka.jp/hamana-sh/home.nsf/IndexFormView?OpenView,,,
220001,AA0000000238,,axwZ,SeogNxcVGKbRE,,,,,,220001,,as_R1553-3,,as,_R,1553-3,,35.235802,138.905997,K,2,(0550)87-8200,,,,,,7000020220001,,,,,,,,,,,,,,,,,,,,,,,,http://www.edu.pref.shizuoka.jp/gotemba-sh/home.nsf/IndexFormView?OpenView,,,
220001,AA0000000239,,xwZ,V~YgNxcVGKbRE,,,,,,220001,,s1-16-1,,s,,1-16-1,,35.036093,138.479533,K,3,(054)368-6800,,,,,,7000020220001,,,,,,,,,,,,,,,,,,,,,,,,http://www.edu.pref.shizuoka.jp/shimizu-sh/home.nsf/IndexFormView?OpenView,,,
220001,AA0000000240,,lkxwZ,n}L^gNxcVGKbRE,,,,,,220001,,lslk3-1,,ls,lk,3-1,,34.820737,137.803784,K,2,(053)580-3377,,,,,,7000020220001,,,,,,,,,,,,,,,,,,,,,,,,http://www.edu.pref.shizuoka.jp/hamakita-sh/home.nsf/IndexFormView?OpenView,,,
220001,AA0000000241,,x@wZ,VYIJPPCTcKbRE,,,,,,220001,,}sV1685-1,,}s,V,1685-1,,34.892602,138.248069,K,2,(054)271-0110,,,,,,7000020220001,,,,,,,,,,,,,,,,,,,,,,,,https://www.pref.shizuoka.jp/police/saiyo/gakkou.html,,,
220001,AA0000000242,,x@{^]Z^[,VYIJPPCTczu`EuEeLZ^[,,,,,,220001,,s^6-16-1,,s,^,6-16-1,,35.016422,138.371547,K,3,(054)272-2221,,,,,,7000020220001,,,9:00,15:30,,,,,,,,,,,,,,,,,,,,https://www.pref.shizuoka.jp/police/shinse/menkyo/center/menkyocenter.html,,,
220001,AA0000000243,,x@{Z^[,VYIJPPCTczuREcEJZCZ^[,,,,,,220001,,sV2-4-13,,s,V,2-4-13,,34.965689,138.373715,K,3,(054)271-0110,,,,,,7000020220001,,,,,,,,,,,,,,,,,,,,,,,,https://www.pref.shizuoka.jp/police/anzen/kiseka/torikumi/kansecenter/index.html,,,
220001,AA0000000244,,x@,VYIJPPCTck}dSEhE`EV,,,,,,220001,,szK631-53,,s,zK,631-53,,35.102535,138.839158,K,2,(054)271-0110,,,,,,7000020220001,,,9:00,16:00,,,,,,,,,,,,,,,,,,,,https://www.pref.shizuoka.jp/police/keisatusho/numazu/index.html,,,
220001,AA0000000245,,x@qn,VYIJPPCTcRENE^CL`,,,,,,220001,,s@vvc282-2,,s,@vvc,282-2,,34.810491,138.289847,K,1,(054)622-6251,,,,,,7000020220001,,,,,,,,,,,,,,,,,,,,,,,,https://www.pref.shizuoka.jp/police/about/shikumi/kokutai/index.html,,,
220001,AA0000000246,,@x,REcELhE^CgEuV^C,,,,,,220001,,sO761-2,,s,O,761-2,,35.089987,138.866646,K,2,(055)933-1661,,,,,,7000020220001,,,,,,,,,,,,,,,,,,,,,,,,https://www.pref.shizuoka.jp/police/about/shikumi/keratai/tobu.html,,,
220001,AA0000000247,,x@{^]Z^[,VYIJPPCTczuZCuEeLZ^[,,,,,,220001,,lslk3220,,ls,lk,3220,,34.7827,137.769455,K,4,(053)587-2000,,,,,,7000020220001,,,9:00,15:30,,,,,,,,,,,,,,,,,,,,https://www.pref.shizuoka.jp/police/shinse/menkyo/center/menkyocenter.html,,,
220001,AA0000000248,,x@{,VYIJPPCTczuV~Yu`EV,,,,,,220001,,sg373-1,,s,g,373-1,,35.015315,138.457029,K,7,(054)271-0110,,,,,,7000020220001,,,9:00,16:00,,,,,,,,,,,,,,,,,,,,https://www.pref.shizuoka.jp/police/about/shikumi/kesatsusho.html,,,
220001,AA0000000249,,x@{^]Z^[,VYIJPPCTczugEuEeLZ^[,,,,,,220001,,s241-10,,s,,241-10,,35.147385,138.854329,K,4,(055)921-2000,,,,,,7000020220001,,,9:00,15:30,,,,,,,,,,,,,,,,,,,,https://www.pref.shizuoka.jp/police/shinse/menkyo/center/menkyocenter.html,,,
220001,AA0000000250,,x@{@,VYIJPPCTczuLhE^C,,,,,,220001,,sxq6915-8,,s,xq,6915-8,,34.937272,138.317249,K,3,(054)268-5288,,,,,,7000020220001,,,,,,,,,,,,,,,,,,,,,,,,https://www.pref.shizuoka.jp/police/saiyo/miryoku/kebi.html,,,
220001,AA0000000251,,x@,X\mPCTcV,,,,,,220001,,s620-1,,s,,620-1,,35.166667,138.90645,K,4,(055)995-0110,,,,,,7000020220001,,,9:00,16:00,,,,,,,,,,,,,,,,,,,,https://www.pref.shizuoka.jp/police/keisatusho/susono/index.html,,,
220001,AA0000000252,,lx@,n}}cjVPCTcV,,,,,,220001,,lslR3452-1O,,ls,lR,3452-1O,,,,K,4,(053)484-0110,,,,,,7000020220001,,,9:00,16:00,,,,,,,,,,,,,,,,,,,,https://www.pref.shizuoka.jp/police/keisatusho/hamanishi/index.html,,,
220001,AA0000000253,,cx@{x,V_PCTcVXULPCr^C,,,,,,220001,,cs{|R1190-8,,cs,{|R,1190-8,,34.669341,138.974653,K,2,(055)827-0110,,,,,,7000020220001,,,,,,,,,,,,,,,,,,,,,,,,https://www.pref.shizuoka.jp/police/keisatusho/simoda/index.html,,,
220001,AA0000000254,,cx@,V_PCTcV,,,,,,220001,,cs7-8,,cs,,7-8,,34.687401,138.945639,K,3,(055)827-0110,,,,,,7000020220001,,,9:00,16:00,,,,,,,,,,,,,,,,,,,,https://www.pref.shizuoka.jp/police/keisatusho/simoda/index.html,,,
220001,AA0000000255,,mx@,IIqgPCTcV,,,,,,220001,,sm|c680-1,,s,m|c,680-1,,34.997581,138.937461,K,3,(055)876-0110,,,,,,7000020220001,,,9:00,16:00,,,,,,,,,,,,,,,,,,,,https://www.pref.shizuoka.jp/police/keisatusho/ohito/index.html,,,
220001,AA0000000256,,Ox@,~V}PCTcV,,,,,,220001,,OsJc194-1,,Os,Jc,194-1,,35.113754,138.928004,K,4,(055)981-0110,,,,,,7000020220001,,,9:00,16:00,,,,,,,,,,,,,,,,,,,,https://www.pref.shizuoka.jp/police/keisatusho/misima/index.html,,,
220001,AA0000000257,,x@,CgEPCTcV,,,,,,220001,,s|2-26,,s,|,2-26,,34.966889,139.100161,K,3,(055)738-0110,,,,,,7000020220001,,,9:00,16:00,,,,,,,,,,,,,,,,,,,,https://www.pref.shizuoka.jp/police/keisatusho/ito/index.html,,,
220001,AA0000000258,,MCx@{,A^~PCTcVzV,,,,,,220001,,MCs3-19,,MCs,,3-19,,35.09848,139.06683,K,5,(055)785-0110,,,,,,7000020220001,,,9:00,16:00,,,,,,,,,,,,,,,,,,,,https://www.pref.shizuoka.jp/police/keisatusho/atami/index.html,,,
220001,AA0000000259,,x@{,k}dPCTcVzV,,,,,,220001,,s19-11,,s,,19-11,,35.099678,138.869966,K,4,(055)952-0110,,,,,,7000020220001,,,9:00,16:00,,,,,,,,,,,,,,,,,,,,https://www.pref.shizuoka.jp/police/keisatusho/numazu/index.html,,,
220001,AA0000000260,,x@O,k}dPCTcV~\mu`EV,,,,,,220001,,sO4-35,,s,O,4-35,,35.089873,138.867316,K,2,(055)952-0110,,,,,,7000020220001,,,9:00,16:00,,,,,,,,,,,,,,,,,,,,https://www.pref.shizuoka.jp/police/keisatusho/numazu/index.html,,,
220001,AA0000000261,,ax@,SeoPCTcV`EV,,,,,,220001,,askvmc439-2,,as,kvmc,439-2,,35.316,138.9298,K,4,(055)084-0110,,,,,,7000020220001,,,9:00,16:00,,,,,,,,,,,,,,,,,,,,https://www.pref.shizuoka.jp/police/keisatusho/gotenba/index.html,,,
220001,AA0000000262,,xmx@,tWPCTcV,,,,,,220001,,xms3-55,,xms,,3-55,,35.154495,138.69051,K,5,(054)551-0110,,,,,,7000020220001,,,9:00,16:00,,,,,,,,,,,,,,,,,,,,https://www.pref.shizuoka.jp/police/keisatusho/fuji/index.html,,,
220001,AA0000000263,,xm{x@,tWm~PCTcV,,,,,,220001,,xm{sk160-O,,xm{s,k,160-O,,35.233912,138.615673,K,2,(054)423-0110,,,,,,7000020220001,,,9:00,16:00,,,,,,,,,,,,,,,,,,,,https://www.pref.shizuoka.jp/police/keisatusho/fujinomiya/index.html,,,
220001,AA0000000264,,x@,V~YPCTcV,,,,,,220001,,sV1-35,,s,V,1-35,,35.026649,138.464601,K,5,(054)366-0110,,,,,,7000020220001,,,9:00,16:00,,,,,,,,,,,,,,,,,,,,https://www.pref.shizuoka.jp/police/keisatusho/simizu/index.html,,,
220001,AA0000000265,,x@,V~YPCTcVJou`EV,,,,,,220001,,sVc2-11-6,,s,Vc,2-11-6,,35.11743,138.5946,K,4,(054)385-0277 ,,,,,,7000020220001,,,9:00,16:00,,,,,,,,,,,,,,,,,,,,https://www.pref.shizuoka.jp/police/about/shikumi/kesatsusho.html,,,
220001,AA0000000266,,x@{,VYIJ`EIEPCTcVzV,,,,,,220001,,s6-1,,s,,6-1,,34.976055,138.381927,K,8,(054)250-0110,,,,,,7000020220001,,,9:00,16:00,,,,,,,,,,,,,,,,,,,,https://www.pref.shizuoka.jp/police/keisatusho/sizuchu/index.html,,,
220001,AA0000000267,,x@,VYIJ~i~PCTcV,,,,,,220001,,sxxm1-5-10,,s,xxm,1-5-10,,34.96575,138.413723,K,5,(054)288-0110,,,,,,7000020220001,,,9:00,16:00,,,,,,,,,,,,,,,,,,,,https://www.pref.shizuoka.jp/police/keisatusho/sizunan/index.html,,,
220001,AA0000000268,,}x@,tWG_PCTcV,,,,,,220001,,}s1-3-5,,}s,,1-3-5,,34.52264,138.154349,K,3,(054)641-0110,,,,,,7000020220001,,,9:00,16:00,,,,,,,,,,,,,,,,,,,,https://www.pref.shizuoka.jp/police/keisatusho/fujieda/index.html,,,
220001,AA0000000269,,x@,CdPCTcV,,,,,,220001,,s723,,s,,723,,34.836159,138.306998,K,4,(054)624-0110,,,,,,7000020220001,,,9:00,16:00,,,,,,,,,,,,,,,,,,,,https://www.pref.shizuoka.jp/police/keisatusho/yaizu/index.html,,,
220001,AA0000000270,,cx@,V}_PCTcV,,,,,,220001,,csJ1212,,cs,J,1212,,34.843626,138.159369,K,3,(054)737-0110,,,,,,7000020220001,,,9:00,16:00,,,,,,,,,,,,,,,,,,,,https://www.pref.shizuoka.jp/police/keisatusho/simada/index.html,,,
220001,AA0000000271,,qVx@,}LmnPCTcV,,,,,,220001,,qVs]2737,,qVs,],2737,,34.75863,138.242249,K,3,(054)822-0110,,,,,,7000020220001,,,9:00,16:00,,,,,,,,,,,,,,,,,,,,https://www.pref.shizuoka.jp/police/keisatusho/makinohara/index.html,,,
220001,AA0000000272,,ex@,LNKPCTcV,,,,,,220001,,es5889,,es,,5889,,34.741453,138.085925,K,3,(053)736-0110,,,,,,7000020220001,,,9:00,16:00,,,,,,,,,,,,,,,,,,,,https://www.pref.shizuoka.jp/police/keisatusho/kikugawa/index.html,,,
220001,AA0000000273,,|x@,JPKPCTcV,,,,,,220001,,|s{e1-1-1,,|s,{e,1-1-1,,34.777991,138.027479,K,3,(053)722-0110,,,,,,7000020220001,,,9:00,16:00,,,,,,,,,,,,,,,,,,,,https://www.pref.shizuoka.jp/police/keisatusho/kakegawa/index.html,,,
220001,AA0000000274,,cx@,C^PCTcV,,,,,,220001,,cs2533-4,,cs,,2533-4,,34.725817,137.843893,K,3,(053)837-0110,,,,,,7000020220001,,,9:00,16:00,,,,,,,,,,,,,,,,,,,,https://www.pref.shizuoka.jp/police/keisatusho/iwata/index.html,,,
220001,AA0000000275,,Vx@,eEPCTcV,,,,,,220001,,lsVc8-3,,ls,Vc,8-3,,34.861461,137.817779,K,3,(053)926-0110,,,,,,7000020220001,,,9:00,16:00,,,,,,,,,,,,,,,,,,,,https://www.pref.shizuoka.jp/police/keisatusho/tenryu/index.html,,,
220001,AA0000000276,,Vx@E,eEPCTcV~TN{u`EV,,,,,,220001,,lsVE2947-1,,ls,VE,2947-1,,35.163858,137.869046,K,3,(053)987-0110,,,,,,7000020220001,,,9:00,16:00,,,,,,,,,,,,,,,,,,,,https://www.pref.shizuoka.jp/police/keisatusho/tenryu/koban/misakubo.html,,,
220001,AA0000000277,,lx@,n}}c`EIEPCTcV,,,,,,220001,,lsZg5-28-1,,ls,Zg,5-28-1,,34.734107,137.733761,K,5,(053)475-0110,,,,,,7000020220001,,,9:00,16:00,,,,,,,,,,,,,,,,,,,,https://www.pref.shizuoka.jp/police/keisatusho/hamachu/index.html,,,
220001,AA0000000278,,lx@,n}}cqKVPCTcV,,,,,,220001,,ls14-10,,ls,,14-10,,34.708164,137.747236,K,3,(053)460-0110,,,,,,7000020220001,,,9:00,16:00,,,,,,,,,,,,,,,,,,,,https://www.pref.shizuoka.jp/police/keisatusho/hamahigasi/index.html,,,
220001,AA0000000279,,lkx@,n}L^PCTcV,,,,,,220001,,lslk3218-1,,ls,lk,3218-1,,34.783342,137.770357,K,4,(053)585-0110,,,,,,7000020220001,,,9:00,16:00,,,,,,,,,,,,,,,,,,,,https://www.pref.shizuoka.jp/police/keisatusho/hamakita/index.html,,,
220001,AA0000000280,,]x@,z\GPCTcV,,,,,,220001,,lsk]Cx4640O,,ls,k]Cx,4640O,,34.80585,137.649389,K,3,(053)522-0110,,,,,,7000020220001,,,9:00,16:00,,,,,,,,,,,,,,,,,,,,https://www.pref.shizuoka.jp/police/keisatusho/hosoe/index.html,,,
220001,AA0000000281,,x@X,tNCPCTcVu`EV,,,,,,220001,,qSXX1524-4,,qSX,X,1524-4,,34.824697,137.920164,K,2,(053)885-0110,,,,,,7000020220001,,,9:00,16:00,,,,,,,,,,,,,,,,,,,,https://www.pref.shizuoka.jp/police/keisatusho/fukuroi/index.html,,,
220001,AA0000000282,,x@,tNCPCTcV,,,,,,220001,,sV2-4-5,,s,V,2-4-5,,34.751406,137.925861,K,4,(053)841-0110,,,,,,7000020220001,,,9:00,16:00,,,,,,,,,,,,,,,,,,,,https://www.pref.shizuoka.jp/police/keisatusho/fukuroi/index.html,,,
220001,AA0000000283,,s~[WA,tWmNj`m~R~[WA,,,,,,220001,,csJxm3053-2,,cs,Jxm,3053-2,,34.814658,138.134236,K,3,(0547)46-5588,,,,,,7000020220001,,y,9:00,17:00,jjJAxB,,,,,,,,,,,,,,,,,,,https://tea-museum.jp/,,,
220001,AA0000000284,,xwZ,gEugNxcVGKbRE,,,,,,220001,,src246-1,,s,rc,246-1,,35.047739,138.944687,K,1,(055)949-2309,,,,,,7000020220001,,,,,,,,,,,,,,,,,,,,,,,,http://www.edu.pref.shizuoka.jp/tobu-sh/home.nsf/IndexFormView?OpenView,,,
220001,AA0000000285,,@,JLLJ`EV,,,,,,220001,,cs~765-15,,cs,~,765-15,,,,K,4,(0558)24-2004,,,,,,7000020220001,,,8:30,17:15,,,,,,,,,,,,,,,,,,,,https://www.pref.shizuoka.jp/kensei/chiikikyoku/kamochiiki/1004348/1035270.html,,,
220001,AA0000000286,,qw,JLEGCZCJKNPLEW,,,,,,220001,,}sJt232-1,,}s,Jt,232-1,,,,K,5,(054)625-9121,,,,,,7000020220001,,,8:30,17:15,,,,,,,,,,,,,,,,,,,,https://kaneiken.jp/,,,
220001,AA0000000287,,YECmZp,XCTEJCEMWcPLEW,,,,,,220001,,sP136-24,,s,P,136-24,,34.859596,138.324894,K,4,(054)627-1815,,,,,,7000020220001,,,8:30,17:15,,,,,,,,,,,,,,,,,,,,https://fish-exp.pref.shizuoka.jp/,,,
220001,AA0000000288,,xmREYZ^[,tWTZJCCTZ^[,,,,,,220001,,xm{s{5-12,,xm{s,{,5-12,,,,K,5,(0544)21-3776,,,,,,7000020220001,,y,9:00,17:00,OjA{_xBAOjjJAxB,,,,,,,,,,,,,,,,,,,https://mtfuji-whc.jp/,,,
220001,AA0000000289,,x@,RTCPCTcV,,,,,,220001,,s1035-1,,s,,1035-1,,34.43704,137.3158,K,4,(053)574-0110,,,,,,7000020220001,,,9:00,16:00,,,,,,,,,,,,,,,,,,,,https://www.pref.shizuoka.jp/police/keisatusho/kosai/index.html,,,
220001,AA0000000290,,cx@,V_PCTcV}cULu`EV,,,,,,220001,,S440-9,,S,,440-9,,,,K,2,(055)842-0110,,,,,,7000020220001,,,9:00,16:00,,,,,,,,,,,,,,,,,,,,https://www.pref.shizuoka.jp/police/keisatusho/simoda/koban/matuzaki-kouban.html,,,
220001,AA0000000291,,`nh|o`qb,AICp[N,,,,,,220001,,s317,,s,,317,,35.160616,138.791742,K,1,(055)955-9111,,,,,,7000020220001,,,,,,,,,,,,,,,,,,,,,,,,https://www.pref.shizuoka.jp/sangyoshigoto/nogyo/nogyoshinkou/1003292/1026959.html,,,
220001,AA0000000292,,gw,VJKNG,,,,,,220001,,xms1628-1,,xms,,1628-1,,35.206123,138.665558,K,2,(0545)71-0075,,,,,,7000020220001,,,,,,,,,,,,,,,,,,,,,,,,https://www.pref.shizuoka.jp/kensei/shisetsu/kenkoiryofukushi/1008916.html,,,
220001,AA0000000293,,HZwZ,REJ^L_CKbRE,,,,,,220001,,s{160,,s,{,160,,,,K,2,(054)345-2032,,,,,,7000020220001,,,,,,,,,,,,,,,,,,,,,,,,https://scot.ac.jp/,,,
220001,AA0000000294,,NZ^[k,`EuPREtNVZ^[`EIEWhE\E_V,,,,,,220001,,}sV362-1,,}s,V,362-1,,34.848483,138.236155,K,3,(054)646-3570,,,,,,7000020220001,,,8:30,17:15,,,,,,,,,,,,,,,,,,,,https://www.pref.shizuoka.jp/kenkofukushi/fukushicenter/1004125/1046781/1033591.html,,,
